root1,root2,root3,root4,root5,root6,lowerback1,lowerback2,lowerback3,upperback1,upperback2,upperback3,thorax1,thorax2,thorax3,lowerneck1,lowerneck2,lowerneck3,upperneck1,upperneck2,upperneck3,head1,head2,head3,rclavicle1,rclavicle2,rhumerus1,rhumerus2,rhumerus3,rradius1,rwrist1,rhand1,rhand2,rfingers1,rthumb1,rthumb2,lclavicle1,lclavicle2,lhumerus1,lhumerus2,lhumerus3,lradius1,lwrist1,lhand1,lhand2,lfingers1,lthumb1,lthumb2,rfemur1,rfemur2,rfemur3,rtibia1,rfoot1,rfoot2,rtoes1,lfemur1,lfemur2,lfemur3,ltibia1,lfoot1,lfoot2,ltoes1
2.324,15.7842,-30.1611,18.0581,-1.4672,0.166615,-0.00984414,0.137154,-0.59277,-5.96014,0.173606,0.212008,-6.17341,0.123214,0.542734,-15.8832,-3.86537,-6.27947,13.6558,-4.7206,5.41881,7.06849,-2.11698,2.27756,-1.42876e-16,-2.98177e-16,-45.1034,12.0993,-91.8169,66.3184,14.7333,-28.9224,-54.1693,7.12502,-2.27677,-84.1369,-1.42876e-16,-2.98177e-16,-56.2787,-23.1092,91.734,71.7632,6.1372,-34.6653,-41.1006,7.12502,-7.82171,-11.2653,-61.4938,-0.147012,17.5031,104.115,-11.9199,-20.1793,8.1245,-38.154,0.509573,-32.4482,60.6093,-32.745,7.8067,0.538532
2.26522,15.6483,-29.7768,17.871,-1.43357,1.32976,0.932777,-0.126525,-2.04025,-5.41791,-0.26416,-0.128561,-6.13335,-0.0329137,1.0252,-18.3344,-3.87441,-6.08213,13.8077,-4.67931,5.62211,7.5341,-2.02652,2.29035,2.43822e-15,4.17448e-15,-45.099,10.7811,-91.1521,67.5403,13.7303,-28.2495,-56.1341,7.12502,-1.62692,-86.1077,2.43822e-15,4.17448e-15,-52.4843,-24.5891,91.1405,71.9463,6.73775,-34.3099,-41.0012,7.12502,-7.47866,-11.1534,-65.0301,0.189671,15.9255,103.674,-11.7627,-19.0799,3.45325,-36.2062,0.585968,-33.4243,60.446,-34.4122,7.96736,-0.819721
2.21161,15.5423,-29.375,17.8509,-1.49804,2.10225,0.449789,-0.442822,-3.28898,-5.09333,-0.717376,-0.16391,-5.48995,-0.211124,1.7087,-16.9997,-3.57209,-6.33722,12.3547,-4.27383,5.93617,6.82216,-1.84412,2.49261,2.27981e-15,5.35476e-15,-46.0373,10.0849,-90.5728,68.6004,13.2441,-28.2538,-55.8224,7.12502,-1.63105,-85.7959,2.27981e-15,5.35476e-15,-49.5869,-25.5807,91.0647,72.0841,6.76992,-34.3405,-41.6261,7.12502,-7.5082,-11.7793,-68.6359,0.772875,14.7862,102.248,-11.5265,-17.9021,1.87099,-34.2082,0.951518,-34.0183,59.9864,-36.0531,8.03094,-2.0983
2.16207,15.4385,-28.9647,18.0184,-1.47356,2.33686,1.20844,-0.79414,-3.80634,-5.64659,-1.25665,-0.154574,-6.47788,-0.428379,2.05457,-16.1079,-3.18721,-6.13895,12.1248,-3.82925,5.86564,6.56395,-1.6425,2.4934,-1.44678e-14,3.05631e-15,-48.2712,9.52871,-90.4337,69.6212,13.1216,-29.7572,-52.7865,7.12502,-3.08297,-82.7439,-1.44678e-14,3.05631e-15,-48.289,-26.4176,91.2684,72.7722,6.20424,-34.042,-42.621,7.12502,-7.22007,-12.7642,-71.5717,1.49351,14.1892,100.343,-11.7959,-16.6461,4.51463,-32.3592,1.35229,-34.0225,59.5241,-37.6158,7.98809,-2.67915
2.11768,15.3585,-28.5388,18.3718,-1.38483,2.34115,-0.271213,-1.02267,-4.17384,-4.73801,-1.48063,-0.187345,-4.64798,-0.575215,2.19734,-16.5826,-3.04537,-5.52233,10.9422,-3.68784,5.7573,6.24219,-1.55144,2.3662,-2.2239e-15,2.38542e-15,-48.1038,8.63324,-89.8711,70.6486,12.9217,-30.8077,-50.7552,7.12502,-4.0974,-80.6956,-2.2239e-15,2.38542e-15,-44.157,-28.0254,90.2448,73.5535,5.53966,-33.7773,-42.5157,7.12502,-6.96459,-12.6503,-74.4868,2.24369,13.8724,97.5932,-11.7167,-16.013,0.869938,-30.4696,1.65228,-33.7796,58.7555,-38.8937,8.01723,-3.19573
2.08058,15.2581,-28.1008,18.487,-1.4967,2.51893,-0.33898,-1.23828,-4.4279,-4.47693,-1.77114,-0.375879,-4.31583,-0.725612,2.1485,-17.5975,-2.85904,-4.98103,10.9472,-3.50826,5.69814,6.39083,-1.42969,2.27186,-2.73329e-15,-2.34566e-14,-48.9363,8.08868,-89.7088,71.9497,12.8976,-30.9883,-50.3282,7.12502,-4.27184,-80.2651,-2.73329e-15,-2.34566e-14,-41.0116,-29.3607,89.3734,74.5434,5.05282,-34.3701,-41.7388,7.12502,-7.53683,-11.893,-76.4877,2.84185,13.3794,94.4706,-12.0022,-14.6859,-1.38033,-28.1331,1.99988,-33.7969,57.7397,-40.0441,8.17073,-4.22948
2.05091,15.191,-27.6753,18.6432,-0.420803,2.96228,0.443141,-1.99236,-4.82967,-5.25688,-2.85708,-0.191228,-5.48365,-1.20467,2.64516,-15.8701,-2.38814,-4.99273,10.7613,-2.92812,5.63912,6.01194,-1.18274,2.32398,-2.43511e-15,3.77691e-15,-51.5548,8.4194,-89.5806,73.4556,13.1945,-30.8269,-51.378,7.12502,-4.11603,-81.3179,-2.43511e-15,3.77691e-15,-40.0767,-29.7791,89.8426,75.6303,4.39109,-35.0545,-41.5158,7.12502,-8.19741,-11.6948,-78.4094,2.06815,13.1346,90.7541,-11.7188,-13.3436,-2.47282,-25.5321,1.24495,-33.6856,56.2849,-40.5628,8.32717,-6.80343
2.02701,15.1432,-27.2017,18.632,0.0734442,2.9044,0.226838,-2.50336,-4.75044,-4.96752,-3.50958,-0.0276489,-4.99603,-1.54774,2.77798,-16.9036,-2.0554,-4.92253,11.0791,-2.48639,5.79594,6.26164,-0.935599,2.40656,-3.35449e-15,3.57812e-15,-52.061,8.74728,-89.3932,74.4293,13.595,-30.4258,-52.597,7.12502,-3.72862,-82.5442,-3.35449e-15,3.57812e-15,-36.8594,-30.4229,89.1018,76.7085,4.8547,-32.9836,-44.5856,7.12502,-6.19839,-14.6963,-79.6698,2.08088,13.2781,86.4154,-11.7884,-12.5437,-6.87964,-22.4551,1.08994,-33.1684,54.4588,-40.8589,8.77411,-10.7277
1.98262,15.1387,-26.7226,19.4521,0.810008,2.78549,-0.832248,-2.88511,-4.92875,-4.96105,-3.9599,0.0413945,-4.33561,-1.78353,2.90108,-17.351,-1.95606,-4.20523,11.0812,-2.49269,5.70541,6.32727,-0.907803,2.25887,1.38155e-14,-9.93923e-16,-52.7668,8.3535,-89.3331,75.2714,13.9737,-30.4295,-53.0127,7.12502,-3.7322,-82.9598,1.38155e-14,-9.93923e-16,-33.6917,-32.2473,88.4632,77.6786,5.31615,-34.1215,-45.0251,7.12502,-7.29682,-15.1709,-81.8259,2.00398,13.4815,81.5188,-10.5116,-12.0411,-9.80543,-20.3141,0.468162,-32.367,52.173,-40.6027,8.03661,-11.7898
1.98802,15.0699,-26.2211,19.2753,0.949757,2.68637,-1.67852,-3.42093,-4.52541,-4.60173,-4.60556,0.249873,-3.43821,-2.14872,2.83021,-17.7566,-1.39703,-4.01426,11.2702,-1.71858,5.32283,6.40847,-0.550892,2.18695,1.22253e-14,1.59028e-15,-53.5535,9.75102,-89.4048,76.2542,13.9667,-30.9054,-52.8772,7.12502,-4.19176,-82.8157,1.22253e-14,1.59028e-15,-30.9268,-32.2782,87.9591,79.0322,5.70618,-34.0301,-43.2027,7.12502,-7.20867,-13.3454,-81.615,1.71831,13.9407,77.0929,-10.0153,-10.5539,-8.88031,-16.6869,0.300972,-32.0256,49.6632,-40.6384,6.50767,-10.3351
1.97306,15.0635,-25.6929,18.7778,2.36555,3.22304,-0.63741,-4.44486,-5.0153,-5.60958,-6.06058,0.706291,-4.87616,-2.78817,3.71245,-15.919,-0.681863,-3.9199,11.8929,-0.751241,4.65092,6.24959,-0.157069,2.0544,2.52953e-14,-1.19271e-15,-56.9481,11.7112,-89.6941,77.6439,13.4932,-31.1479,-53.4848,7.12502,-4.42597,-83.4186,2.52953e-14,-1.19271e-15,-31.5082,-31.4523,89.4127,80.8935,5.68641,-33.4188,-42.1148,7.12502,-6.61857,-12.2382,-81.1678,0.472531,14.2127,72.2842,-6.18076,-9.73962,-12.9842,-12.3855,-0.936224,-31.7068,46.8109,-39.8618,5.90802,-13.0325
1.96603,15.0336,-25.1592,19.153,1.63337,2.65258,-2.28231,-4.56324,-4.86911,-5.59307,-6.10974,1.06275,-3.89931,-2.84673,3.84871,-15.6769,-0.210068,-3.38342,12.088,-0.145436,3.9962,6.2427,0.104251,1.81624,-2.1593e-14,-6.16232e-15,-58.0893,12.9192,-89.8201,78.7034,12.8177,-31.2262,-54.3889,7.12502,-4.50155,-84.3211,-2.1593e-14,-6.16232e-15,-29.281,-31.3664,89.3919,82.0969,5.50668,-32.5205,-42.4725,7.12502,-5.75124,-12.5706,-81.8132,1.16483,15.1662,67.4152,-2.03975,-7.84088,-12.624,-9.27415,-0.576026,-31.0821,43.9756,-38.5621,6.48108,-17.1237
1.94947,15.0402,-24.6651,19.5352,2.75953,2.44268,-2.60238,-4.99983,-4.44703,-4.95988,-6.65325,1.30798,-3.01762,-3.16803,3.79118,-19.9577,-0.0641966,-2.40765,13.7472,0.0092213,3.1817,7.49441,0.190479,1.4451,-3.30728e-14,-4.96962e-15,-57.1922,13.5676,-89.5814,79.5739,12.118,-32.0814,-51.6077,7.12502,-5.32734,-81.5207,-3.30728e-14,-4.96962e-15,-24.2371,-32.2225,87.9971,82.5006,5.59259,-31.1119,-46.1136,7.12502,-4.39124,-16.1791,-81.9275,0.407561,15.8859,62.6215,1.96718,-5.62521,-16.2303,-6.3588,-2.35882,-30.2803,41.0301,-36.1145,4.73792,-17.2217
1.94161,15.061,-24.1261,19.6092,2.97585,1.86294,-3.85502,-5.66557,-4.17079,-5.46606,-7.48477,1.97693,-2.7148,-3.58709,4.20237,-17.1678,0.638614,-2.1862,13.1474,0.994654,2.4121,6.80386,0.584878,1.24424,8.37008e-14,-2.18663e-15,-59.6423,16.1203,-90.2408,80.8501,11.6228,-32.0454,-49.2071,7.12502,-5.29261,-79.121,8.37008e-14,-2.18663e-15,-23.7976,-31.9758,89.0326,83.5655,5.63956,-31.7647,-43.3039,7.12502,-5.02149,-13.3834,-81.6008,0.365326,17.0691,58.2099,4.06009,-3.02859,-19.0913,-3.09589,-2.99447,-29.3976,38.1617,-33.3897,2.32452,-18.8814
1.94233,15.0802,-23.5818,19.566,3.21907,1.84709,-3.77023,-6.08394,-4.35566,-6.00415,-8.04552,2.46726,-3.1782,-3.83242,4.83235,-17.2557,1.03217,-1.7653,14.023,1.56678,1.55511,7.10027,0.799856,0.966785,-2.27391e-14,-6.13748e-15,-61.5459,18.026,-90.4619,81.9577,11.5648,-28.7516,-50.9047,7.12502,-2.11184,-80.874,-2.27391e-14,-6.13748e-15,-23.1141,-32.1375,90.2802,84.6874,5.97843,-33.0642,-41.0828,7.12502,-6.27619,-11.1958,-81.2561,-0.202225,18.0015,54.5423,5.49073,0.000322589,-19.6699,0.188615,-3.7798,-29.2499,35.5661,-30.3869,1.54934,-21.9747
1.93516,15.1076,-23.0401,19.7198,3.69328,1.96436,-4.84693,-6.50441,-4.44526,-5.54351,-8.5487,2.6342,-2.00523,-4.12568,4.85613,-19.1215,1.39381,-1.08469,14.7922,1.9962,1.04547,7.67575,0.992098,0.762005,1.06952e-13,5.86415e-15,-61.3034,19.5111,-90.643,82.8041,11.5724,-24.6709,-53.9528,7.12502,1.82942,-83.9247,1.06952e-13,5.86415e-15,-19.7122,-32.5044,89.3399,85.418,4.96113,-32.6468,-43.7323,7.12502,-5.87321,-13.8337,-81.24,-0.859388,18.8078,51.6412,6.54556,1.90452,-17.1924,2.78005,-4.70423,-29.1345,33.5598,-25.8557,0.39188,-25.7705
1.93415,15.141,-22.4949,19.2975,3.99208,1.78683,-5.23051,-7.18191,-4.45108,-5.91489,-9.43535,3.21652,-1.98542,-4.55982,5.37418,-17.0793,2.10456,-1.19056,14.4307,3.04361,0.627597,7.20119,1.44876,0.734045,-1.86423e-13,4.77083e-15,-63.053,22.4473,-91.5013,83.8312,11.4054,-23.3415,-53.9962,7.12502,3.11335,-83.9532,-1.86423e-13,4.77083e-15,-18.9296,-32.5239,89.8654,86.5516,4.84561,-33.2556,-41.1001,7.12502,-6.46099,-11.2186,-80.4425,-1.35959,20.1536,49.7735,7.90223,1.4985,-13.1361,5.16832,-4.94494,-28.7866,32.6301,-20.6971,-1.7569,-26.1572
1.93231,15.1673,-21.9676,19.1841,3.73043,1.54017,-5.22503,-7.17177,-4.81057,-5.85246,-9.40774,3.80631,-1.77612,-4.53797,6.17039,-18.3757,2.31669,-1.01276,15.0013,3.44033,-0.0845864,7.62384,1.56977,0.540456,7.12643e-14,-4.92986e-14,-62.9964,24.1831,-91.2188,84.6747,11.4496,-23.3869,-53.0512,7.12502,3.06949,-83.0089,7.12643e-14,-4.92986e-14,-16.1918,-33.614,89.8766,87.7137,5.32985,-33.3233,-39.3396,7.12502,-6.52635,-9.4602,-79.8859,-1.42953,21.6797,48.9168,9.18941,1.65292,-16.5274,6.17767,-4.41211,-28.4953,33.0856,-14.169,-3.38512,-24.2052
1.92614,15.1692,-21.4458,19.093,3.59114,1.50005,-5.25725,-7.39242,-5.34223,-6.18331,-9.68603,4.42476,-1.88231,-4.64658,7.10015,-17.7631,2.65468,-1.01056,14.8874,4.02144,-0.784667,7.49495,1.78175,0.367226,8.33902e-14,-7.15625e-15,-63.424,26.3595,-91.5107,85.4311,10.9094,-23.7667,-53.0367,7.12502,2.70267,-82.9993,8.33902e-14,-7.15625e-15,-14.473,-33.9674,90.194,88.5549,4.96646,-32.5482,-39.3682,7.12502,-5.77802,-9.46697,-79.6516,-1.37343,22.6043,49.0467,10.0606,0.715372,-15.7512,6.30715,-3.29486,-28.0653,34.8136,-8.68414,-4.56899,-23.7647
1.91964,15.1549,-20.9288,18.9333,3.45472,1.65225,-5.11227,-7.74996,-5.93851,-6.54735,-10.1567,5.0376,-2.06937,-4.8447,8.07578,-17.2197,3.13579,-1.10399,14.853,4.82055,-1.48234,7.40706,2.0939,0.235725,-1.75328e-13,2.3059e-14,-63.342,28.9766,-92.0731,85.711,10.3058,-25.3919,-50.3922,7.12502,1.13302,-80.369,-1.75328e-13,2.3059e-14,-12.7675,-34.0631,90.2978,89.3576,4.07204,-32.2594,-38.0494,7.12502,-5.49914,-8.14071,-79.3714,-1.31323,23.1286,49.9212,10.5838,-1.19324,-9.6362,5.77229,-1.80268,-27.6554,37.846,-3.05186,-5.13583,-19.9978
1.9068,15.1027,-20.4217,18.6893,3.32603,1.9543,-4.90191,-7.90186,-6.49096,-6.49902,-10.3594,5.30054,-1.96225,-4.9347,8.6592,-18.0134,3.36547,-0.848128,14.9344,5.22269,-2.21908,7.60045,2.2184,0.0144518,1.87852e-14,1.11319e-14,-61.9263,30.8809,-92.4414,86.0957,9.27692,-26.024,-48.6906,7.12502,0.522597,-78.6697,1.87852e-14,1.11319e-14,-10.0254,-34.8992,89.4672,90.0278,3.78298,-31.5041,-37.4286,7.12502,-4.76988,-7.50232,-78.9932,-1.23353,23.4085,51.5129,10.8445,-0.903421,-9.5114,5.00517,-0.29102,-27.3088,41.8513,-0.559141,-5.50979,-24.8963
1.90865,15.0448,-19.9367,18.8364,2.73462,2.19502,-5.16648,-7.92088,-6.69138,-6.53255,-10.3664,5.44042,-1.79344,-4.93888,8.87873,-18.3877,3.68402,-0.70911,14.8189,5.72381,-2.7564,7.65229,2.40918,-0.119373,2.01816e-13,7.95139e-15,-60.2371,32.7949,-92.9691,86.6147,8.85218,-25.5568,-48.817,7.12502,0.973831,-78.7945,2.01816e-13,7.95139e-15,-7.37133,-35.4179,88.3915,90.5366,3.32171,-30.2453,-37.7431,7.12502,-3.55431,-7.79304,-78.7492,-0.967044,23.8489,53.2357,10.6105,-1.27948,0.404351,2.97658,0.892594,-27.4059,47.0082,0.042654,-4.88679,-27.0887
1.89908,14.9617,-19.4498,18.6686,2.97605,2.19817,-5.40345,-8.20891,-6.65018,-6.5314,-10.7387,5.73149,-1.53984,-5.13994,9.08458,-18.1096,4.00532,-0.634126,14.4541,6.24038,-3.39586,7.51616,2.608,-0.288383,1.26029e-13,5.56597e-15,-58.54,34.8655,-93.5812,87.3318,8.87945,-23.9456,-51.7667,7.12502,2.52993,-81.7315,1.26029e-13,5.56597e-15,-4.86846,-35.6494,87.3141,90.7802,2.88896,-29.1707,-38.1642,7.12502,-2.5166,-8.19931,-78.1042,-1.19627,24.6781,55.5171,7.57296,2.65222,-1.70356,1.12876,1.40198,-26.9167,52.6691,0.258913,-3.59531,-30.2184
1.87636,14.9288,-19.0061,18.6719,2.22979,1.87578,-5.13472,-8.08241,-6.8086,-6.74213,-10.5828,6.1156,-1.84703,-5.03335,9.66349,-17.51,4.16723,-0.691995,13.9467,6.54011,-3.95499,7.27202,2.71565,-0.443122,-1.26974e-13,5.56597e-15,-56.8108,36.9647,-94.1895,88.1671,9.00483,-26.1893,-47.6761,7.12502,0.362875,-77.6556,-1.26974e-13,5.56597e-15,-1.88604,-35.1571,85.7653,90.1841,1.26008,-26.8267,-46.136,7.12502,-0.252743,-16.1564,-77.3138,-0.301754,25.5709,57.7291,3.7152,0.731652,-0.929856,-1.95038,2.84884,-26.4126,58.8607,-1.85314,-1.48538,-35.9379
1.85543,14.8892,-18.5152,18.5235,1.24399,2.24215,-5.42943,-7.65854,-7.26986,-6.34205,-9.9865,5.91233,-1.35249,-4.75627,9.68681,-18.8303,4.06119,-0.921969,14.041,6.47806,-3.89705,7.5171,2.65478,-0.368447,6.83819e-14,-2.38542e-14,-53.7462,38.4543,-94.1428,89.1487,9.75193,-27.062,-46.6123,7.12502,-0.479989,-76.5915,6.83819e-14,-2.38542e-14,2.63859,-37.2685,82.9582,90.2928,4.23784,-27.5908,-37.3182,7.12502,-0.990669,-7.34078,-76.7294,0.522409,25.553,60.5356,-0.191721,-0.240928,-3.12089,-4.82587,4.31078,-26.7247,65.0179,-3.89435,0.853683,-36.4082
1.88753,14.9056,-18.0693,18.0894,1.27284,3.1783,-4.59445,-7.75591,-7.49075,-6.62425,-10.1662,5.73644,-2.07133,-4.79365,9.7525,-17.3087,4.31569,-1.63258,12.9522,6.86295,-3.66041,6.87573,2.88028,-0.178788,-1.01281e-13,3.89618e-14,-51.6395,41.1385,-94.9064,90.1617,9.2436,-27.3223,-45.5618,7.12502,-0.731399,-75.5403,-1.01281e-13,3.89618e-14,5.10937,-37.9057,81.2572,90.0568,6.61074,-27.1597,-33.3271,7.12502,-0.574323,-3.34815,-76.2793,0.00895065,24.7691,63.5265,-2.97899,-1.53785,-2.42869,-7.73683,4.46859,-27.6177,70.9772,6.59052,1.39509,-3.96054
1.8739,14.8247,-17.6837,17.945,0.0895333,2.98083,-3.7053,-6.84425,-7.25896,-6.27169,-9.00248,5.39845,-2.53202,-4.19965,9.46866,-18.5035,4.00832,-1.63638,12.297,6.41673,-3.4842,6.8504,2.6823,-0.154805,2.00773e-14,3.18055e-15,-46.3101,42.366,-93.7836,90.501,9.64164,-27.1198,-46.196,7.12502,-0.53577,-76.1751,2.00773e-14,3.18055e-15,10.3559,-38.6668,77.8835,88.8056,6.72569,-23.0598,-38.9267,7.12502,3.38531,-8.97384,-76.7406,2.63951,23.6009,66.5452,-4.51617,-3.79002,1.14088,-12.0423,6.0419,-27.4482,77.6205,0.767448,3.56718,-21.738
1.87798,14.7457,-17.2771,17.1507,-1.74407,1.64008,-2.94788,-5.99553,-5.95858,-5.82872,-7.9042,5.4715,-2.86564,-3.68277,8.95531,-18.2335,4.05666,-1.70329,11.3732,6.45991,-3.5978,6.50848,2.71959,-0.192552,9.07452e-14,-3.81667e-14,-41.0152,44.9753,-92.8976,90.5792,10.8145,-26.0698,-46.2248,7.12502,0.478291,-76.204,9.07452e-14,-3.81667e-14,13.4948,-39.4196,75.325,88.8767,9.79635,-23.7342,-31.6868,7.12502,2.73402,-1.72459,-75.8305,5.78538,23.9178,69.1485,-6.69245,-5.27919,2.63761,-15.4993,8.52474,-26.1643,84.0026,1.41363,4.1864,-9.70158
1.87111,14.6869,-16.9001,16.7799,-2.03277,-0.239131,-2.1127,-5.54481,-3.90838,-5.53438,-7.31004,5.80205,-3.32973,-3.43523,8.25729,-18.2706,4.03784,-1.81055,10.7889,6.41794,-3.51528,6.31886,2.71774,-0.160556,8.16011e-14,-3.33958e-14,-34.7565,47.3262,-91.1894,90.6067,11.9043,-25.9231,-45.5209,7.12502,0.620045,-75.4997,8.16011e-14,-3.33958e-14,16.9069,-39.4791,72.3526,88.3273,11.2889,-22.6724,-30.9737,7.12502,3.75948,-1.02713,-74.6959,7.84039,25.4283,71.0196,-8.7453,-7.14486,0.964667,-20.3566,9.47007,-23.6935,90.5766,0.772095,3.98308,-0.553049
1.87698,14.646,-16.5304,16.5818,-2.78733,-2.75197,-1.39471,-4.83966,-1.12381,-5.22584,-6.32447,6.1809,-3.81699,-3.01944,7.17073,-18.0387,3.92163,-2.12521,10.1447,6.25765,-3.24698,6.0529,2.67163,-0.0556104,3.27995e-14,-2.54444e-14,-27.5356,49.051,-88.7252,90.0758,13.3363,-25.4789,-45.4574,7.12502,1.04903,-75.4345,3.27995e-14,-2.54444e-14,20.3927,-39.713,68.8748,88.0984,13.5728,-22.4937,-29.9074,7.12502,3.93207,0.0361038,-73.2133,10.1213,27.8002,72.1779,-10.3377,-8.6519,-1.25697,-25.6772,10.973,-20.5571,96.7032,-1.00441,3.65264,3.14201
1.88826,14.6895,-16.153,16.4141,-3.54958,-5.49528,-0.359338,-4.01836,2.03852,-4.76384,-5.12302,6.58534,-4.3125,-2.51607,5.8871,-18.8206,3.66488,-2.41501,9.94853,5.98597,-3.14876,6.10368,2.53106,0.00478728,1.88845e-15,-1.43125e-14,-19.5595,50.2784,-84.9102,89.0263,14.7996,-24.9294,-46.7353,7.12502,1.57979,-76.7092,1.88845e-15,-1.43125e-14,24.4963,-39.8491,64.8074,88.0612,15.8304,-23.0381,-27.5779,7.12502,3.40628,2.37463,-70.8059,11.6028,30.8845,72.4728,-11.9543,-9.26303,-1.35554,-30.6323,12.721,-17.0497,101.688,-5.41973,3.8073,-2.69414
1.88803,14.7231,-15.8017,16.5827,-3.98845,-7.61975,0.620832,-3.32823,4.42189,-4.62017,-4.04723,6.91207,-4.96321,-2.05531,4.94335,-19.0202,3.29166,-2.50196,9.62289,5.5247,-3.33618,6.03419,2.29435,-0.0899855,-3.47873e-14,8.11041e-14,-12.0197,50.9088,-80.8486,88.2233,15.8368,-24.1376,-47.905,7.12502,2.34444,-77.8718,-3.47873e-14,8.11041e-14,28.4135,-39.7916,60.8016,87.7315,16.9991,-23.7191,-26.2813,7.12502,2.74865,3.68074,-68.9004,12.3659,33.4436,72.6487,-13.3628,-9.57539,-1.04355,-36.4573,13.7807,-14.2605,106.019,-6.25245,2.20361,2.43752
1.86671,14.7538,-15.4636,16.9027,-4.49132,-8.36018,1.27678,-2.7312,5.16299,-4.572,-3.15824,6.88468,-5.37901,-1.64071,4.50016,-18.8463,2.90178,-2.65326,9.13469,5.01087,-3.35199,5.84475,2.05419,-0.132116,1.51076e-14,1.43125e-14,-4.38853,51.1941,-76.4779,87.3759,15.9629,-23.5071,-47.3866,7.12502,2.95338,-77.3458,1.51076e-14,1.43125e-14,32.366,-39.1196,56.675,86.9275,17.8197,-23.4361,-28.5246,7.12502,3.02199,1.43377,-67.5773,12.6897,34.5069,72.7632,-14.4718,-9.73896,-1.6776,-42.8086,13.8502,-13.14,109.413,-8.3116,0.58795,0.826234
1.84241,14.8268,-15.1028,17.2651,-4.56512,-5.97813,1.24569,-2.56056,3.23738,-4.72443,-3.03657,6.02075,-5.45583,-1.51633,4.65507,-18.3982,2.59521,-2.99879,8.72379,4.59925,-2.99871,5.62266,1.88799,-0.0170484,-3.05134e-14,2.3059e-14,3.2919,51.3715,-71.8004,86.4374,15.5004,-22.5032,-45.4987,7.12502,3.92284,-75.4424,-3.05134e-14,2.3059e-14,36.1234,-38.2159,52.3851,86.4111,19.4947,-23.9712,-28.7075,7.12502,2.50514,1.2575,-67.1976,11.579,32.2005,73.2234,-15.863,-9.67666,-2.80449,-50.1232,11.4549,-16.6129,111.496,-6.38541,0.689716,3.76101
1.83554,14.9252,-14.7451,16.6036,-3.73859,-6.70166,2.64175,-2.35536,5.02547,-4.38712,-2.58818,5.75155,-6.02591,-1.37303,3.40827,-18.7807,2.14455,-3.13983,8.71712,3.988,-2.55952,5.66778,1.61745,0.0878109,-3.74709e-14,1.05753e-13,11.1456,50.7962,-66.8007,85.187,14.9792,-23.2068,-45.1601,7.12502,3.24335,-75.1152,-3.74709e-14,1.05753e-13,40.246,-37.2871,47.6252,86.0997,20.7918,-27.0442,-24.4234,7.12502,-0.462756,5.55581,-64.4038,10.4565,33.5662,72.9094,-17.3198,-10.0656,-4.65754,-55.8302,9.88302,-15.3229,113.168,-7.23325,0.126171,0.904356
1.8337,15.0068,-14.39,15.9592,-3.14984,-6.86958,3.68372,-2.11932,5.76033,-3.94847,-2.15862,5.69106,-6.2034,-1.18939,2.93273,-19.1536,1.63505,-3.53807,8.67043,3.39508,-2.36844,5.70389,1.32814,0.154978,-5.50634e-14,3.26007e-14,19.454,49.9453,-60.8047,83.9129,14.039,-23.6091,-44.8633,7.12502,2.85483,-74.8239,-5.50634e-14,3.26007e-14,43.6605,-35.4678,44.27,85.0298,22.4776,-28.4157,-26.3313,7.12502,-1.78736,3.64097,-61.9031,9.33608,34.2511,72.6696,-18.0214,-10.4801,-6.79926,-61.4049,8.23118,-14.6404,114.379,-7.3889,-0.390468,1.36977
1.81128,15.1114,-14.0327,15.8114,-2.80642,-6.61744,3.96967,-1.83014,5.73642,-3.84026,-1.75518,5.60036,-6.25664,-0.989405,2.81999,-18.2989,1.15801,-4.02174,8.38781,2.79399,-2.15067,5.47139,1.05169,0.232838,-1.37161e-14,2.38542e-14,25.2926,48.5093,-56.6732,82.0921,13.5843,-23.5348,-43.3645,7.12502,2.92667,-73.3242,-1.37161e-14,2.38542e-14,46.2002,-33.8856,41.4353,84.04,23.9877,-28.672,-28.1369,7.12502,-2.0349,1.83311,-59.8358,8.62642,34.3478,72.0261,-19.6202,-10.8098,-5.94889,-67.2378,6.62181,-14.3549,114.976,-7.13987,-0.690956,1.90181
1.78931,15.1848,-13.6738,16.2561,-2.41551,-6.22214,4.56275,-1.51084,5.35158,-4.39577,-1.25105,5.64841,-7.18587,-0.730948,3.08485,-17.4783,0.829022,-4.44856,8.79062,2.4397,-2.2647,5.46957,0.852076,0.227731,-1.11319e-14,1.90833e-14,30.7694,47.53,-52.1183,80.3516,13.0937,-22.1426,-42.4564,7.12502,4.27111,-72.3933,-1.11319e-14,1.90833e-14,47.7176,-32.6058,39.4484,83.0114,25.2654,-28.5289,-29.1009,7.12502,-1.8967,0.870371,-58.5874,8.11028,34.2176,71.4254,-20.2474,-11.3095,-7.85231,-73.9869,5.17553,-14.2259,115.501,-7.96367,-0.440361,-3.93647
1.78415,15.3438,-13.3213,17.1524,-1.69538,-5.44532,3.57532,-1.31988,5.95641,-4.10269,-1.10979,4.88807,-6.32699,-0.700034,1.88101,-18.4705,0.360322,-4.38133,9.10868,1.81834,-1.90717,5.73212,0.564545,0.275276,-2.56432e-14,2.3059e-14,37.5038,45.0036,-47.3986,78.3888,12.8688,-22.6826,-43.9652,7.12502,3.74966,-73.912,-2.56432e-14,2.3059e-14,50.5407,-30.03,35.8385,81.7599,26.0914,-27.728,-30.3688,7.12502,-1.12325,-0.39201,-57.4098,7.10365,33.6653,70.2134,-20.4238,-11.8858,-10.4815,-80.5804,2.73204,-14.3058,115.115,-7.31672,-0.0267822,-5.78125
1.76205,15.5189,-12.9643,17.9964,-1.83626,-4.91436,3.15064,-0.84993,6.00955,-4.09513,-0.547314,4.32819,-6.06931,-0.434462,1.20103,-18.9182,-0.103201,-4.47502,9.43709,1.2108,-1.56706,5.91244,0.283358,0.338945,3.39922e-14,-5.96354e-14,42.171,42.5369,-44.0287,76.348,12.9619,-22.143,-43.1277,7.12502,4.27065,-73.0647,3.39922e-14,-5.96354e-14,52.8683,-27.764,32.5633,80.3532,26.3782,-25.9502,-33.2625,7.12502,0.593862,-3.28359,-55.8338,7.35935,33.0781,68.4042,-20.0811,-12.7584,-11.4326,-86.4612,1.9138,-14.1783,114.358,-6.9045,0.0662072,-7.99067
1.73716,15.7481,-12.5848,18.283,-2.27767,-4.56345,4.04412,-0.318107,5.75028,-4.63709,0.257005,4.10023,-7.14334,-0.0543754,1.05825,-18.6913,-0.566794,-4.90667,10.1356,0.682876,-1.40731,6.10666,0.00898058,0.405261,-2.18663e-14,4.69132e-14,45.0546,41.0386,-41.3763,74.5295,12.8742,-21.7151,-41.9119,7.12502,4.68392,-71.8401,-2.18663e-14,4.69132e-14,54.098,-26.5322,30.1325,78.9903,26.1942,-25.1171,-34.5764,7.12502,1.39849,-4.60121,-53.0577,7.9803,32.5307,65.9253,-19.6824,-13.3782,-10.9531,-90.694,1.5873,-13.9732,113.212,-7.16276,0.733628,-10.9398
1.69771,16.0985,-12.1763,18.2061,-2.64738,-3.47558,3.67671,0.0309449,5.39841,-4.43922,0.606656,3.29443,-6.69569,0.123023,0.366022,-18.6249,-0.971876,-5.10556,10.3294,0.122725,-0.944616,6.16616,-0.234696,0.527356,1.25234e-14,0,47.5057,39.0591,-39.4896,72.7444,12.8406,-20.8507,-41.276,7.12502,5.51854,-71.1842,1.25234e-14,0,55.2189,-24.797,27.199,77.6227,25.2643,-25.7195,-31.6898,7.12502,0.816634,-1.71161,-49.2221,8.4369,31.1768,62.6501,-19.0208,-13.9046,-11.3899,-93.0828,0.817508,-14.547,111.278,-7.13049,1.48271,-10.4435
1.65169,16.4056,-11.7644,18.3734,-3.52044,-1.76181,3.2115,0.472371,4.06837,-4.28126,1.01239,2.28431,-6.23431,0.369986,0.0145412,-18.928,-1.40034,-5.19061,10.665,-0.469796,-0.503593,6.33569,-0.49435,0.619055,-1.5704e-14,-2.14687e-14,49.818,37.0268,-37.9131,71.1639,12.7523,-19.6904,-41.5511,7.12502,6.63871,-71.4271,-1.5704e-14,-2.14687e-14,56.0539,-22.9892,24.4736,75.5522,23.5386,-27.096,-32.9573,7.12502,-0.512773,-2.97816,-45.9172,9.76724,28.9341,59.3101,-17.6554,-14.7344,-12.7753,-95.8714,0.28069,-15.967,109.647,-6.46527,2.13841,-4.01526
1.59534,16.7181,-11.359,18.9207,-4.91841,0.0960095,2.76919,1.00967,2.18084,-4.39282,1.54624,1.23324,-6.09039,0.696595,-0.0630587,-19.1912,-1.72464,-5.30544,11.2015,-0.927006,-0.00225536,6.56485,-0.685855,0.748327,-1.15295e-14,-1.03368e-14,51.3091,35.2383,-36.6345,69.1676,12.3654,-20.057,-40.2805,7.12502,6.28476,-70.1673,-1.15295e-14,-1.03368e-14,56.6429,-21.3625,21.7477,73.9917,22.1683,-27.0207,-30.0398,7.12502,-0.440107,-0.060499,-43.0934,12.0351,26.2754,55.6438,-15.3441,-15.765,-13.6341,-98.8754,0.354568,-17.7618,107.991,-5.82958,3.07073,-3.79752
1.54003,17.0285,-10.9492,19.397,-5.67868,1.45906,2.31255,1.39441,0.962428,-4.63249,1.94012,0.323595,-6.07957,0.925184,-0.348978,-18.5798,-1.96019,-5.27116,11.401,-1.35212,0.394365,6.54245,-0.856978,0.828082,-2.89232e-14,3.18055e-15,52.036,33.6716,-35.7809,67.2568,11.9944,-19.622,-39.887,7.12502,6.70477,-69.7609,-2.89232e-14,3.18055e-15,56.9757,-20.2764,18.9933,71.7597,20.838,-28.1628,-37.9395,7.12502,-1.54318,-7.96532,-40.1694,14.1514,24.3408,51.8817,-12.4241,-16.8614,-14.2707,-101.69,0.194485,-19.0275,106.616,-5.96078,4.61112,-6.66506
1.49117,17.3338,-10.5311,19.5448,-5.7142,2.04401,2.1879,1.63399,0.769347,-4.92424,2.22459,-0.203522,-6.29955,1.05949,-0.811267,-17.6076,-2.32182,-5.54854,11.5233,-1.87156,0.650267,6.44231,-1.10067,0.905661,-7.35503e-15,2.78299e-15,52.2488,32.6752,-34.8618,65.5548,11.6649,-18.9759,-39.3878,7.12502,7.3284,-69.2409,-7.35503e-15,2.78299e-15,56.6681,-19.6719,16.7528,70.1412,20.9623,-28.7565,-41.1824,7.12502,-2.11653,-11.2131,-36.663,15.9656,23.6352,47.854,-9.25982,-17.8008,-16.5393,-104.054,-0.22404,-19.4614,105.542,-6.19437,6.28872,-8.81777
1.44974,17.6257,-10.0913,19.5979,-5.81754,2.43406,2.79794,1.79869,0.696733,-5.37485,2.4201,-0.697366,-7.11107,1.13658,-1.33364,-17.9339,-2.61932,-5.37462,12.5759,-2.29243,0.671199,6.8489,-1.30763,0.833032,-1.60022e-14,-2.38542e-15,52.3,31.9209,-34.4381,63.5832,10.9662,-19.2351,-38.7731,7.12502,7.07822,-68.6347,-1.60022e-14,-2.38542e-15,55.7033,-19.2566,14.7142,68.829,21.6044,-28.3593,-37.5197,7.12502,-1.73294,-7.54701,-32.9882,17.4402,23.3347,43.755,-5.44644,-18.1757,-19.795,-106.341,-0.552815,-19.7967,104.75,-5.34035,7.03576,-7.74843
1.40903,17.9641,-9.64873,19.8624,-5.70459,2.8216,2.21035,1.87724,0.766791,-5.37395,2.49962,-1.15571,-6.74439,1.16325,-1.83386,-18.2166,-2.8824,-5.37725,13.2096,-2.67009,0.92053,7.11786,-1.47315,0.867087,-1.09332e-14,1.59028e-15,52.9127,30.6816,-33.3479,61.9801,10.1133,-16.3818,-37.5819,7.12502,9.83178,-67.3324,-1.09332e-14,1.59028e-15,54.6574,-18.3035,13.1271,67.5996,22.1356,-27.9119,-35.2045,7.12502,-1.30081,-5.22875,-29.645,17.9397,23.2101,39.6399,-0.274773,-17.7175,-22.2095,-108.403,-1.06044,-20.0106,103.618,-4.19589,6.95596,-4.32791
1.36602,18.3136,-9.22285,20.0488,-4.95866,3.04305,2.2431,1.74778,1.07213,-5.57801,2.32594,-1.45337,-6.96432,1.04797,-2.30919,-18.2225,-3.04162,-5.64296,13.9085,-2.9143,1.47021,7.36865,-1.55981,1.05971,-1.93815e-14,7.95139e-15,53.3233,29.5653,-32.0943,59.8876,10.0415,-15.2542,-36.6694,7.12502,10.9195,-66.3655,-1.93815e-14,7.95139e-15,53.2317,-17.6534,11.6818,66.6486,22.7619,-28.1609,-36.5231,7.12502,-1.54128,-6.54896,-26.7269,17.4191,23.5858,35.8404,5.30991,-16.8581,-22.8162,-110.146,-1.96681,-19.7597,102.116,-3.24851,6.69197,-0.679688
1.31811,18.6678,-8.79838,19.9935,-3.83015,3.38147,2.72577,1.471,1.24885,-5.82917,1.95179,-1.70038,-7.51911,0.834534,-2.66167,-18.0392,-3.16421,-5.74758,14.5689,-3.1412,1.86372,7.57199,-1.64347,1.18001,5.46658e-16,-1.43125e-14,53.5236,28.657,-31.0143,57.9003,9.93035,-14.1906,-36.5578,7.12502,11.9454,-66.197,5.46658e-16,-1.43125e-14,51.6511,-17.1937,10.465,65.741,23.2667,-27.9228,-35.9293,7.12502,-1.31138,-5.95354,-24.1153,16.3012,24.0015,32.5144,11.4125,-16.7472,-23.0827,-111.23,-3.23211,-19.5257,100.302,-2.14495,6.42234,1.27476
1.27387,19.0265,-8.36208,20.0782,-2.72814,3.75512,2.87953,1.18751,1.3622,-6.0943,1.56311,-1.92051,-7.90887,0.619704,-2.93456,-18.0827,-3.31492,-5.4717,15.328,-3.41203,1.8049,7.83583,-1.76843,1.08083,2.65378e-14,-8.15017e-15,53.6265,27.9359,-29.8547,55.886,9.70328,-14.0704,-35.7508,7.12502,12.0613,-65.3832,2.65378e-14,-8.15017e-15,50.0963,-16.8294,9.41178,64.6139,23.7869,-27.3872,-33.7873,7.12502,-0.794064,-3.80904,-21.9711,14.3476,24.3519,29.8735,16.1341,-18.0147,-22.5962,-112.036,-4.50071,-19.4084,98.2799,-1.47319,6.34429,1.81194
1.23641,19.3476,-7.92478,20.3626,-1.96705,3.71641,2.73791,1.01548,1.70797,-6.3126,1.34878,-1.98735,-8.0682,0.485269,-3.18121,-18.4257,-3.42854,-5.46075,16.1335,-3.59816,2.00999,8.17537,-1.83878,1.118,1.57288e-14,1.98785e-16,53.8573,27.1851,-28.381,53.9401,9.24957,-14.0525,-35.2106,7.12502,12.0785,-64.842,1.57288e-14,1.98785e-16,48.286,-16.297,8.53909,63.3281,24.158,-26.7709,-32.8579,7.12502,-0.198815,-2.8783,-20.1946,11.0908,25.1502,27.8561,18.5402,-19.2859,-22.7089,-113.095,-5.18324,-18.9593,96.1928,-1.67937,6.60693,3.69484
1.19653,19.6262,-7.49646,20.681,-1.63095,3.37004,2.75261,0.945602,2.02024,-6.35242,1.2774,-1.97233,-8.12043,0.429378,-3.3359,-19.6005,-3.49927,-5.53989,17.0727,-3.71454,2.49178,8.71411,-1.84404,1.26261,6.68413e-15,6.16232e-15,54.3249,26.2579,-26.7716,52.0053,9.35228,-14.0007,-35.3171,7.12502,12.1284,-64.9456,6.68413e-15,6.16232e-15,46.2241,-15.2886,7.63276,61.9639,24.1042,-26.4094,-34.0162,7.12502,0.150294,-4.03656,-18.3128,6.49848,26.2373,26.2744,20.6938,-21.4527,-12.141,-114.15,-5.23024,-18.3365,93.9053,-1.019,6.47927,2.78364
1.14782,19.9149,-7.06959,21.0131,-1.77931,2.95833,2.86891,1.03538,2.03477,-6.9255,1.39909,-1.99443,-8.80594,0.467235,-3.39817,-18.5436,-3.43082,-5.27903,17.2776,-3.83306,2.82319,8.60421,-1.85714,1.32961,-1.12562e-14,-1.09332e-15,53.8675,26.3308,-25.5865,50.1119,9.21248,-14.132,-36.3222,7.12502,12.0018,-65.9581,-1.12562e-14,-1.09332e-15,43.9433,-15.4891,6.34818,60.7919,23.8596,-27.2564,-36.481,7.12502,-0.667742,-6.50229,-16.2186,3.40403,27.017,25.0358,23.5714,-18.7421,-11.0985,-114.656,-4.76037,-17.8905,91.1669,-0.367596,6.49405,1.56377
1.09071,20.194,-6.63805,21.3703,-2.22434,2.47869,2.09015,1.14599,1.77932,-6.97096,1.52668,-1.90788,-8.39284,0.559198,-3.15183,-17.6599,-3.30993,-4.92874,16.8245,-3.85038,3.05931,8.29297,-1.82515,1.36072,1.799e-14,-1.45113e-14,53.0462,25.36,-26.2366,47.7379,10.1505,-13.8156,-36.6386,7.12502,12.3069,-66.2564,1.799e-14,-1.45113e-14,41.5472,-15.0152,5.24842,59.692,23.749,-26.8036,-33.965,7.12502,-0.230357,-3.98536,-13.8412,1.6191,27.6858,23.9996,25.4314,-17.0041,-11.1417,-114.873,-3.87715,-17.5779,88.1894,-0.252904,6.52459,0.859464
1.02731,20.4609,-6.21599,21.926,-2.76229,1.77872,1.28822,1.26889,1.62173,-7.05808,1.68212,-1.78297,-8.01247,0.657861,-2.92115,-17.0837,-3.226,-4.59524,16.4979,-3.90349,3.35563,8.08327,-1.80463,1.40581,-4.31735e-16,-9.7653e-15,52.3872,24.444,-26.4592,45.9834,10.6451,-12.3409,-35.9906,7.12502,13.7285,-65.5177,-4.31735e-16,-9.7653e-15,39.0118,-14.6106,4.07755,58.7029,23.7851,-26.8459,-32.4212,7.12502,-0.271244,-2.4416,-11.7147,0.661084,28.5115,23.0485,30.7429,-15.6861,-11.1995,-115.089,-2.7036,-17.1981,85.0457,0.263178,6.34371,-0.0912953
0.964685,20.7167,-5.79599,22.5423,-3.40113,0.808136,0.540267,1.45658,1.72108,-7.17274,1.93881,-1.66595,-7.68416,0.788124,-2.85024,-17.001,-3.21082,-4.28024,16.5977,-4.05282,3.75954,8.11041,-1.8152,1.4721,-1.22812e-14,4.96962e-15,51.4861,23.452,-26.8179,44.497,11.0459,-11.2453,-35.3773,7.12502,14.7842,-64.83,-1.22812e-14,4.96962e-15,36.5174,-14.349,2.74599,57.6693,23.7207,-28.0833,-32.149,7.12502,-1.46635,-2.17429,-9.71644,-0.123415,29.5214,22.1687,33.2066,-13.3188,-14.0513,-115.221,-1.32563,-16.7061,81.893,-0.593812,6.20009,1.0977
0.908004,20.9639,-5.36516,22.9442,-4.16487,-0.0888846,-0.182214,1.66096,1.82074,-7.20755,2.21048,-1.62495,-7.2826,0.925396,-2.85425,-17.0409,-3.14636,-3.86002,16.8881,-4.15359,4.10885,8.21794,-1.79841,1.50773,-8.39865e-15,2.98177e-15,50.495,22.6614,-27.0956,43.2117,10.513,-11.6698,-35.5758,7.12502,14.3752,-65.0581,-8.39865e-15,2.98177e-15,34.2722,-13.948,1.82769,55.9464,23.3881,-29.6108,-32.4046,7.12502,-2.94157,-2.44515,-7.5719,-0.267604,30.29,21.2599,34.6389,-9.99422,-13.1455,-114.968,0.0639848,-16.345,78.7642,1.68467,6.11027,-2.89485
0.851732,21.1999,-4.92235,22.8617,-5.21917,-1.1373,-0.512375,1.91631,1.97062,-7.20096,2.55911,-1.52881,-7.06076,1.09684,-2.84227,-16.5763,-2.99714,-3.52192,17.1659,-4.1465,4.51887,8.23102,-1.73573,1.59583,1.94064e-14,6.36111e-15,49.3203,22.1874,-27.5134,42.2838,9.70509,-12.2742,-36.6912,7.12502,13.7928,-66.2139,1.94064e-14,6.36111e-15,31.9877,-13.589,1.31092,53.8928,23.0512,-30.5287,-32.1402,7.12502,-3.82799,-2.19485,-5.00951,0.91303,31.1248,20.3324,34.5403,-7.86614,-12.7383,-114.078,1.72562,-15.7575,75.7093,2.10356,6.19547,-2.18511
0.813506,21.4273,-4.48056,22.683,-6.01663,-2.20103,-0.617009,2.12248,2.4886,-7.28013,2.85811,-1.42339,-7.05035,1.2164,-3.03398,-15.7558,-2.81881,-3.18104,17.3841,-4.08102,4.82294,8.15541,-1.66183,1.65786,-2.20651e-14,-2.38542e-15,47.7873,21.7761,-28.1257,41.7125,9.34631,-12.5546,-37.8918,7.12502,13.5225,-67.4328,-2.20651e-14,-2.38542e-15,29.541,-13.5177,0.853687,52.1101,22.9849,-31.306,-31.8817,7.12502,-4.57861,-1.95123,-2.48185,1.79869,32.0397,19.4366,34.7594,-5.76178,-11.335,-113.018,3.1046,-15.2479,72.6579,3.13831,6.0123,-3.45041
0.786213,21.6352,-4.03744,22.6408,-6.52255,-3.09732,-0.880829,2.29472,3.13239,-7.36511,3.10717,-1.36662,-6.94658,1.30401,-3.33557,-15.3623,-2.63324,-2.65205,17.7881,-3.96728,4.75501,8.20344,-1.5809,1.56613,-2.49475e-14,-8.74653e-15,45.8979,21.3946,-28.4378,41.3632,8.58923,-13.5945,-38.6934,7.12502,12.5201,-68.2983,-2.49475e-14,-8.74653e-15,27.0059,-13.4079,0.509261,50.6453,22.8588,-31.5967,-31.7759,7.12502,-4.85928,-1.8516,-0.0510587,2.06987,32.8041,18.4406,35.3784,-4.60284,-9.59694,-112.092,4.11375,-15.0215,69.6472,4.2568,5.8322,-4.34857
0.76063,21.8124,-3.57901,22.8096,-6.6261,-3.88133,-1.6176,2.3966,3.88704,-7.50693,3.24274,-1.30054,-6.63371,1.3345,-3.66039,-14.9566,-2.51072,-2.30441,18.3335,-3.89619,4.6714,8.30209,-1.53134,1.49431,-4.23908e-14,7.95139e-16,43.6584,21.3344,-28.1706,41.1203,7.04415,-15.0521,-39.0422,7.12502,11.1145,-68.7279,-4.23908e-14,7.95139e-16,24.2862,-13.2096,0.433083,49.3783,22.3217,-31.5051,-31.8646,7.12502,-4.77083,-1.9383,2.11359,0.221952,33.1367,17.5943,35.689,-3.26677,-8.53025,-111.469,4.71553,-14.9384,66.7372,5.79798,5.40662,-3.4139
0.730079,21.9895,-3.11208,22.9715,-6.59426,-4.664,-2.53542,2.52424,4.63995,-7.67114,3.39496,-1.16246,-6.24401,1.37941,-3.89791,-14.3916,-2.49788,-2.24138,18.9554,-3.93807,4.70888,8.41035,-1.5435,1.49865,7.65321e-15,1.43125e-14,41.5118,21.087,-28.2132,40.8,6.33326,-15.6499,-38.9906,7.12502,10.5379,-68.7065,7.65321e-15,1.43125e-14,21.5153,-12.9491,0.6839,48.1401,21.5073,-31.4668,-32.0453,7.12502,-4.73389,-2.11815,4.2988,-1.09251,33.4603,16.8397,36.4298,-2.75995,-7.98303,-110.788,5.2582,-15.1349,63.9173,6.34842,4.96566,-6.67584
0.698828,22.1423,-2.64609,23.09,-6.79288,-5.5245,-3.4044,2.72144,5.29192,-7.67502,3.62555,-0.944104,-5.71176,1.48154,-3.98865,-14.8007,-2.61001,-2.3082,19.9659,-4.12632,4.72808,8.83715,-1.61542,1.49392,-4.10987e-14,-1.74931e-14,39.4196,20.4766,-28.3822,40.4393,6.35158,-16.4724,-38.5483,7.12502,9.74444,-68.3029,-4.10987e-14,-1.74931e-14,18.7678,-12.1342,1.21109,46.9091,20.4625,-30.6799,-31.506,7.12502,-3.97406,-1.56329,6.69597,-1.38168,33.8354,15.8716,37.7032,-3.26474,-6.15315,-110.099,6.07907,-15.4037,61.3215,7.37628,4.35291,-6.40362
0.667094,22.2865,-2.17933,23.3085,-7.16353,-6.59809,-4.16027,2.91637,6.03836,-7.6246,3.84644,-0.610503,-5.19054,1.58009,-4.01065,-15.9099,-2.85533,-2.57367,21.1146,-4.4458,4.7366,9.45847,-1.75207,1.49469,2.1916e-14,1.55052e-14,37.7674,19.5762,-28.8013,39.9237,6.40439,-17.4139,-38.543,7.12502,8.83593,-68.338,2.1916e-14,1.55052e-14,15.7938,-10.7132,1.8888,45.831,19.0864,-30.3286,-31.0532,7.12502,-3.63483,-1.10445,8.98742,-1.23891,34.3397,15.088,38.8075,-3.77353,-5.11419,-109.356,7.13948,-15.3789,58.7002,9.229,3.64343,-4.44214
0.633902,22.4512,-1.71829,23.7547,-7.58671,-7.76859,-4.72018,3.11572,6.88365,-7.82145,4.08089,-0.264355,-5.04087,1.66284,-4.08963,-16.4003,-2.98007,-2.87255,21.8351,-4.58058,4.77967,9.81788,-1.81761,1.53994,1.69464e-14,2.78299e-14,36.2514,19.2072,-28.672,39.4443,5.68025,-17.7171,-38.6402,7.12502,8.54338,-68.4474,1.69464e-14,2.78299e-14,12.4665,-9.50755,2.30482,45.3463,17.7155,-31.2282,-31.1183,7.12502,-4.50351,-1.18619,10.8019,-1.28499,34.736,14.7695,39.8122,-4.28276,-5.11724,-108.806,8.14049,-15.0492,56.4358,10.4562,3.00605,-6.73856
0.608832,22.5718,-1.2616,24.2336,-8.19387,-8.5574,-5.20718,3.3566,7.30206,-8.12634,4.37248,-0.0890751,-5.05087,1.78313,-4.11269,-16.1333,-2.93843,-2.92783,21.9934,-4.52027,4.77447,9.82208,-1.79783,1.55907,2.78299e-14,-1.35174e-14,34.2753,19.6153,-27.585,39.5091,4.02617,-17.9696,-38.9804,7.12502,8.29968,-68.7973,2.78299e-14,-1.35174e-14,9.21438,-8.53669,2.44349,45.1537,16.4645,-31.6314,-31.3078,7.12502,-4.89279,-1.38429,12.4768,-1.46188,34.4779,14.6937,40.9577,-5.25872,-4.1432,-107.822,9.08705,-13.8399,53.9212,11.8753,3.84193,-4.61487
0.579242,22.7085,-0.804346,24.6731,-8.99617,-8.76655,-6.12988,3.59845,7.17093,-8.26174,4.61739,-0.123126,-4.65351,1.92444,-4.01274,-15.6993,-2.87565,-2.78547,21.829,-4.4459,4.6735,9.67294,-1.77234,1.5135,1.32689e-14,-3.02153e-14,32.1062,19.7878,-26.728,39.7989,2.73765,-18.2363,-39.6395,7.12502,8.04232,-69.4665,1.32689e-14,-3.02153e-14,6.16846,-7.29035,2.38642,44.7323,15.2156,-29.8913,-30.8525,7.12502,-3.21252,-0.896997,13.7683,-1.83719,33.4005,15.0789,42.22,-4.93136,-2.33249,-107.217,10.0435,-14.4181,52.0423,12.5271,3.27493,-2.77098
0.54627,22.8697,-0.342797,25.2348,-10.043,-8.65259,-7.45104,3.8717,6.75553,-8.3369,4.87524,-0.305212,-3.97836,2.09396,-3.87328,-15.4236,-2.77828,-2.58964,21.7506,-4.33999,4.58271,9.58229,-1.72289,1.46546,6.11263e-15,-1.23246e-14,30.2722,19.1686,-26.7954,39.4154,2.54376,-18.0926,-39.5187,7.12502,8.18092,-69.3403,6.11263e-15,-1.23246e-14,3.14996,-5.90955,2.08374,44.2017,14.0074,-26.852,-31.086,7.12502,-0.277137,-1.10646,14.3225,-2.1302,31.7903,16.2127,43.0773,-3.26608,-1.42144,-106.622,10.9519,-15.0991,50.4832,12.7909,2.57427,-3.75542
0.518921,23.0165,0.116709,25.9103,-11.5773,-8.48917,-8.61913,4.30382,6.15529,-8.53491,5.38206,-0.574319,-3.50703,2.3829,-3.71105,-15.3339,-2.79285,-2.5308,21.9335,-4.397,4.62219,9.6319,-1.73961,1.46361,2.24378e-14,7.95139e-15,28.368,18.4745,-26.8751,38.8767,2.18792,-17.826,-39.1881,7.12502,8.43829,-68.9996,2.24378e-14,7.95139e-15,0.343458,-4.6455,1.67671,43.5659,13.0902,-25.4424,-32.6281,7.12502,1.08426,-2.65112,14.6991,-2.04827,29.8156,17.216,43.5982,-1.70429,-1.31318,-105.988,12.1446,-15.0501,49.4427,13.1705,2.79696,-7.27827
0.498775,23.1462,0.580033,26.2793,-13.6401,-8.47851,-9.27272,4.92936,5.58413,-8.78502,6.19637,-0.8572,-3.35017,2.81224,-3.58356,-14.9838,-2.86433,-2.52905,22.1472,-4.53168,4.68889,9.64859,-1.79783,1.47362,-2.66123e-14,0,25.852,18.0722,-26.7812,38.6036,2.38372,-17.8144,-38.8279,7.12502,8.44947,-68.6389,-2.66123e-14,0,-2.25457,-3.87002,1.13822,42.8425,12.6721,-26.3651,-33.9897,7.12502,0.193113,-4.01007,15.0903,-1.88025,27.5063,18.5815,43.7036,-0.460866,-0.975396,-104.72,13.7602,-14.2374,48.4917,14.1889,3.84945,-8.23473
0.489413,23.2197,1.0724,27.2481,-15.1463,-9.66656,-10.7005,5.69668,6.38741,-9.00381,7.05444,-0.760197,-2.65797,3.22416,-3.71746,-14.7189,-2.78986,-2.5372,22.3902,-4.44597,4.70391,9.68119,-1.75851,1.49536,4.44781e-15,1.59028e-15,23.5494,17.3316,-26.7554,38.2978,2.52034,-16.9348,-40.4483,7.12502,9.29822,-70.2232,4.44781e-15,1.59028e-15,-4.96176,-3.3505,0.589391,42.2712,12.5573,-27.5897,-34.2683,7.12502,-0.989656,-4.29085,15.0051,-2.06254,26.3203,20.3259,43.5113,1.01734,-1.76401,-104.095,15.5846,-12.4664,47.6706,15.7269,4.68591,-6.624
0.466908,23.3227,1.50156,27.5681,-17.3101,-9.73971,-10.8109,6.25118,5.44249,-9.27518,7.85555,-0.806151,-2.90572,3.65752,-3.17069,-14.7325,-2.67346,-2.54303,22.8013,-4.29493,4.67507,9.82228,-1.68707,1.50804,-9.39755e-14,-3.53837e-14,21.5528,16.7452,-26.3138,37.8953,2.33668,-16.2024,-40.4576,7.12502,10.0049,-70.1998,-9.39755e-14,-3.53837e-14,-7.64264,-2.66579,0.0873119,41.6663,12.2852,-27.722,-34.1286,7.12502,-1.11743,-4.15174,14.862,-1.60241,24.1288,22.283,43.5442,0.978284,-2.98236,-102.436,17.3059,-11.7389,46.6259,16.9761,5.80866,-6.79342
0.453415,23.4027,1.94685,28.2265,-19.304,-10.2275,-11.3877,6.89516,5.12692,-9.62859,8.69501,-0.820348,-2.94097,4.0867,-2.88137,-14.5626,-2.55788,-2.35733,23.2988,-4.15972,4.4861,9.9528,-1.62678,1.43274,2.54817e-14,7.15625e-15,19.2962,16.6763,-25.6269,37.729,2.14165,-16.0228,-39.4114,7.12502,10.1781,-69.1452,2.54817e-14,7.15625e-15,-10.1802,-1.93781,-0.527364,40.9106,11.8586,-27.608,-34.1077,7.12502,-1.00732,-4.13037,14.3889,-1.16142,22.1589,24.1954,43.5001,-0.223705,-1.63233,-101.125,19.0925,-10.9426,45.7526,18.0286,6.80114,-7.45919
0.44621,23.4651,2.41629,28.8016,-21.3862,-10.816,-12.143,7.57189,5.013,-9.79203,9.54308,-0.78193,-2.67025,4.52269,-2.5963,-14.4286,-2.47859,-2.39953,23.697,-4.05785,4.47814,10.0662,-1.58221,1.45407,1.71824e-14,2.42517e-14,17.2908,16.4442,-24.9963,37.3453,2.3144,-16.0709,-38.532,7.12502,10.1317,-68.2681,1.71824e-14,2.42517e-14,-12.8413,-1.00158,-1.13702,40.2532,11.5779,-28.414,-33.2386,7.12502,-1.78572,-3.2663,13.9692,-0.853142,19.9917,26.0951,43.5863,-0.801643,1.1235,-99.6256,20.9724,-10.2915,44.8741,18.8469,7.48635,-7.47138
0.438642,23.5082,2.89335,29.3202,-23.2858,-11.5105,-12.9544,8.16945,5.01276,-9.7832,10.266,-0.600094,-2.2133,4.89987,-2.20253,-14.3487,-2.42279,-2.74757,23.9396,-3.97976,4.76373,10.1485,-1.54372,1.62652,8.7633e-14,4.09496e-14,15.7095,16.001,-24.3831,36.6992,2.57151,-16.2484,-38.1763,7.12502,9.96053,-67.9206,8.7633e-14,4.09496e-14,-15.6221,0.243561,-1.73747,39.6069,11.0882,-29.3249,-32.3505,7.12502,-2.66545,-2.38736,13.7729,-0.799051,17.9248,27.7705,43.9337,-1.70614,4.03003,-98.1131,22.7703,-9.74942,44.0973,19.4008,7.78886,-7.64673
0.430377,23.5329,3.36049,29.8044,-24.7076,-12.5599,-13.455,8.6915,5.46453,-9.77493,10.8624,-0.266161,-1.89395,5.19178,-1.93816,-14.2899,-2.3089,-2.91831,24.1768,-3.79427,4.7829,10.218,-1.47057,1.68922,7.3923e-15,3.97569e-15,14.1264,15.7497,-23.7345,36.1023,2.55891,-16.5062,-38.1067,7.12502,9.71184,-67.8628,7.3923e-15,3.97569e-15,-18.4755,1.54995,-2.44636,39.1309,10.812,-29.7487,-32.0961,7.12502,-3.07478,-2.13854,13.8919,-0.603397,16.5463,29.3188,43.7985,-5.48681,9.63993,-96.5197,24.3659,-8.95381,43.2321,20.1574,7.58612,-8.96079
0.423131,23.5527,3.81348,30.3237,-25.5859,-14.0348,-13.5289,9.18586,6.47365,-9.84101,11.3961,0.21036,-1.81826,5.42335,-1.88751,-14.2044,-2.21743,-3.04195,24.4612,-3.59917,4.59375,10.2937,-1.41324,1.67201,-7.26791e-14,1.90833e-14,12.3204,15.2969,-23.2141,35.4137,2.60597,-17.0502,-37.1812,7.12502,9.18693,-66.9611,-7.26791e-14,1.90833e-14,-21.2656,2.89749,-3.18765,38.8051,11.0731,-30.0626,-31.8742,7.12502,-3.37795,-1.92122,13.8947,-0.4635,16.0553,30.9517,43.7006,-5.35883,9.42101,-94.6938,25.6976,-7.66208,42.1178,21.2424,6.93996,-11.2494
0.418445,23.5722,4.25876,30.7552,-26.2021,-15.4001,-13.4548,9.59005,7.51902,-9.95928,11.8226,0.675631,-1.87282,5.59336,-1.90455,-13.8022,-2.11578,-3.16971,24.6261,-3.41665,4.50353,10.2675,-1.35662,1.68982,1.99654e-14,3.06128e-14,10.5572,14.5177,-22.927,34.414,2.71481,-17.0178,-42.2798,7.12502,9.21818,-72.0583,1.99654e-14,3.06128e-14,-24.0439,3.86664,-4.04918,38.7167,11.8357,-30.733,-31.3086,7.12502,-4.02528,-1.36689,13.809,-0.513711,15.7214,32.7102,43.8583,-3.51407,6.45952,-92.535,26.6242,-6.11461,40.8258,22.3473,6.96218,-11.8853
0.417905,23.5871,4.70266,31.183,-26.5779,-16.6169,-13.4933,9.92633,8.65275,-10.0436,12.1351,1.06557,-1.80752,5.70232,-2.03176,-13.1683,-1.99781,-3.25303,24.5056,-3.22839,4.45794,10.0928,-1.29298,1.71473,-2.75814e-14,-7.95139e-15,9.07506,13.4309,-22.9024,33.0702,2.41341,-18.2197,-44.3699,7.12502,8.05831,-74.1962,-2.75814e-14,-7.95139e-15,-26.889,4.27577,-5.02008,39.0376,13.5991,-33.6215,-27.8962,7.12502,-6.81419,1.97416,13.4984,-0.92087,15.3245,34.679,44.2315,-2.06284,2.57969,-90.2988,27.1695,-4.4847,39.469,23.3311,7.65736,-11.1901
0.422208,23.5824,5.15021,31.5275,-26.6848,-17.9209,-12.9802,10.2645,10.0324,-10.3324,12.5175,1.4344,-2.1962,5.81016,-2.40015,-12.697,-1.9504,-3.36828,24.6605,-3.11672,4.31903,10.0518,-1.27378,1.70358,-2.41648e-15,-1.2921e-14,7.20917,12.1739,-23.0263,31.8803,1.80729,-20.0398,-44.9421,7.12502,6.30137,-74.8283,-2.41648e-15,-1.2921e-14,-29.257,4.69672,-6.03105,38.8413,15.3953,-37.8112,-23.0286,7.12502,-10.8571,6.67074,13.318,-1.44608,15.0593,36.7437,44.5616,-2.36734,5.6733,-87.9975,27.4253,-2.67027,38.1287,24.3146,8.43968,-10.5715
0.427645,23.565,5.59546,31.3382,-26.8222,-18.7704,-12.4948,10.5143,11.1148,-10.2419,12.8028,1.77082,-2.20693,5.90608,-2.62006,-12.6871,-1.91151,-3.37283,24.9275,-2.97997,3.97332,10.1347,-1.24932,1.60187,-3.01469e-14,3.10104e-14,5.3427,10.4638,-22.8021,31.1025,1.51998,-19.9357,-46.4938,7.12502,6.40193,-76.3771,-3.01469e-14,3.10104e-14,-31.3671,5.62851,-6.95025,38.1261,16.5685,-38.6963,-23.6158,7.12502,-11.7108,6.03689,13.5324,-1.87734,14.4524,38.9026,44.7979,-2.74425,5.47621,-85.2895,27.2363,-1.04171,36.7989,25.3054,9.42557,-9.68329
0.432211,23.5307,6.03322,30.8338,-26.8861,-19.238,-11.7688,10.5945,11.7806,-10.26,12.9673,2.09777,-2.54771,5.9437,-2.72007,-12.4102,-1.92947,-3.37533,25.3006,-2.92617,3.59316,10.2081,-1.27069,1.47918,2.20837e-14,-5.76476e-15,3.37181,8.9669,-22.4195,30.49,1.46426,-18.4643,-50.2586,7.12502,7.82218,-80.0939,2.20837e-14,-5.76476e-15,-33.4989,5.72275,-7.71059,37.7933,18.2438,-34.6126,-29.4522,7.12502,-7.7709,0.385028,13.9216,-2.24127,13.7006,41.1832,45.0326,-3.04972,5.06397,-82.4695,26.6371,0.445625,35.5037,26.0322,11.3033,-7.42129
0.435242,23.4746,6.46674,30.5521,-26.6448,-19.9929,-11.1362,10.6357,12.7754,-10.3808,13.0575,2.48709,-2.92278,5.91865,-2.92449,-11.8002,-1.93016,-3.41904,25.559,-2.86156,3.27881,10.1768,-1.28783,1.38917,8.55302e-14,4.95968e-14,1.44445,7.52805,-22.153,29.7852,1.13077,-17.7127,-53.7894,7.12502,8.54762,-83.5964,8.55302e-14,4.95968e-14,-35.6389,5.87627,-8.7895,37.4912,20.7191,-36.2829,-27.8609,7.12502,-9.38276,1.91022,14.1046,-2.58312,13.4866,43.6429,45.4071,-4.33489,6.62722,-79.9744,26.0383,1.94876,34.2143,26.3546,13.6606,-4.07108
0.436303,23.4058,6.90191,30.4231,-26.3568,-20.9701,-10.917,10.7924,14.1511,-10.2852,13.1772,2.80509,-2.75525,5.91978,-3.27632,-11.3135,-1.86078,-3.47411,25.6411,-2.76784,3.27567,10.109,-1.2553,1.41278,-1.47859e-13,-9.56651e-14,-0.462771,6.06533,-21.8227,29.1586,0.381722,-17.7514,-51.6062,7.12502,8.51029,-81.4148,-1.47859e-13,-9.56651e-14,-37.5532,5.9498,-9.61213,37.2412,21.6214,-37.9213,-25.2824,7.12502,-10.9634,4.41137,14.0958,-2.75647,13.5906,46.2534,45.6472,-6.9072,9.63769,-77.6479,25.6268,3.05138,32.958,27.2604,12.9314,-6.02066
0.43387,23.329,7.34203,30.1705,-26.1502,-21.8532,-10.8727,10.9853,15.4965,-9.989,13.2878,3.04472,-2.25955,5.94747,-3.63242,-11.09,-1.83078,-3.58667,25.741,-2.77832,3.53062,10.1073,-1.24419,1.52315,-7.45443e-14,-3.76945e-14,-2.29614,4.47462,-21.3848,28.6367,-0.116887,-18.4022,-47.482,7.12502,7.88216,-77.315,-7.45443e-14,-3.76945e-14,-39.1678,7.10501,-10.8173,36.436,21.4651,-37.6475,-25.5517,7.12502,-10.6993,4.15587,14.0861,-2.8249,13.6285,48.9384,45.7618,-8.95289,12.1561,-75.3515,25.2327,3.72095,31.8572,28.6197,9.0046,-12.5055
0.431077,23.2365,7.78242,29.8547,-25.775,-22.7332,-10.6967,11.0649,16.8645,-9.77173,13.2832,3.33352,-1.95078,5.90763,-3.99859,-10.8007,-1.79408,-3.73427,25.9366,-2.77779,3.78282,10.1275,-1.23289,1.64121,-7.51703e-14,-5.27245e-14,-4.08488,2.93073,-20.9721,28.2773,0.262463,-20.4095,-50.5854,7.12502,5.94445,-80.482,-7.51703e-14,-5.27245e-14,-40.7976,8.31026,-12.1923,35.5904,21.0065,-37.3133,-25.9972,7.12502,-10.3769,3.72671,14.1126,-3.02596,13.774,51.6462,46.264,-8.15949,11.1702,-73.2109,24.7856,4.3545,30.9711,29.1427,8.44683,-12.2193
0.427356,23.1336,8.2211,29.3789,-25.4422,-23.3413,-10.3446,11.0867,17.9942,-9.73522,13.2912,3.55355,-1.96281,5.85717,-4.36886,-10.1724,-1.76406,-3.88119,26.1426,-2.77427,3.93703,10.084,-1.23568,1.72697,-9.14316e-14,-4.24405e-14,-6.26134,2.79181,-20.5348,28.6515,-0.388102,-19.4056,-60.3431,7.12502,6.91367,90.2102,-9.14316e-14,-4.24405e-14,-42.2395,9.36949,-13.6474,34.701,20.2465,-36.9029,-26.5316,7.12502,-9.98094,3.21175,14.1893,-3.24146,13.6906,54.3571,47.0866,-7.5927,11.09,-70.9061,24.1588,4.82271,30.2287,28.5786,13.1176,-3.99144
0.417881,23.0228,8.6661,28.7997,-25.2219,-23.6357,-10.2341,11.1671,18.8011,-9.68505,13.3451,3.66209,-1.84977,5.85447,-4.64109,-9.50462,-1.81003,-3.86662,26.3124,-2.8488,3.84994,10.0179,-1.28617,1.69056,4.13301e-14,1.57537e-14,-8.59999,3.22099,-20.17,29.218,-2.19128,-17.7126,-78.3049,7.12502,8.54769,108.112,4.13301e-14,1.57537e-14,-43.393,10.3895,-14.9808,33.7998,19.5609,-36.6926,-26.5049,7.12502,-9.77805,3.24809,14.1933,-3.46113,13.309,57.1132,47.0475,-9.75871,13.768,-68.5448,23.3905,4.94346,29.5321,28.8587,13.0479,-4.76478
0.407249,22.9029,9.11179,28.4491,-24.9805,-24.0239,-9.84059,11.1634,19.2331,-10.1275,13.467,3.98626,-2.55107,5.82038,-4.60998,-8.54686,-1.78793,-3.86968,26.9152,-2.79551,3.56447,10.045,-1.30438,1.6079,3.32343e-14,-5.44173e-14,-10.9547,3.65018,-19.5722,29.3123,-2.95717,-15.1707,92.7307,7.12502,11.0001,122.423,3.32343e-14,-5.44173e-14,-44.5061,9.31355,-15.4045,33.4437,20.7418,-36.5011,-26.658,7.12502,-9.59333,3.10359,13.8673,-3.64758,13.1477,59.9424,47.6356,-10.3014,15.9336,-66.3074,22.6313,5.16935,28.8204,29.1506,13.2139,-6.4134
0.39591,22.7849,9.55152,28.0649,-24.9096,-24.2237,-9.5138,11.2598,19.5388,-10.3715,13.6916,4.18036,-2.96027,5.87329,-4.59736,-8.02055,-1.87267,-4.06805,27.4782,-2.88656,3.45799,10.1546,-1.38395,1.60282,-5.04416e-14,2.36554e-14,-13.4027,5.11463,-19.0871,31.102,-4.13697,-11.1802,105.861,7.12502,14.8469,135.309,-5.04416e-14,2.36554e-14,-45.3747,8.3765,-15.3903,33.1162,22.4681,-35.9046,-27.3494,7.12502,-9.0177,2.43786,13.3565,-3.69018,12.9418,62.8121,47.7576,-11.3442,18.3904,-63.7883,21.6101,5.52327,28.0889,29.8423,14.108,-5.71999
0.382746,22.6568,9.99198,27.4244,-24.8593,-24.0973,-9.31468,11.2835,19.6636,-10.3692,13.7681,4.2959,-3.05838,5.8989,-4.55925,-7.90646,-1.96209,-4.34879,27.9755,-2.98107,3.46032,10.3253,-1.45756,1.64682,-1.80646e-13,-5.1684e-14,-15.6293,5.93293,-18.5405,32.068,-5.22009,-10.0779,110.12,7.12502,15.9086,139.487,-1.80646e-13,-5.1684e-14,-46.244,8.00857,-15.5597,32.5498,23.5878,-35.5773,-27.2006,7.12502,-8.70194,2.60007,12.9769,-3.82071,12.4665,65.6898,47.7319,-12.2523,19.7021,-61.0101,20.0856,5.91582,27.372,30.3912,14.9452,-4.07062
0.371069,22.5044,10.4407,26.9326,-24.5466,-24.0523,-9.53166,11.2681,19.9672,-10.3884,13.6675,4.46395,-2.98116,5.83974,-4.50592,-8.32102,-2.05491,-4.27005,29.0331,-2.99744,2.94068,10.7963,-1.5137,1.44959,5.7896e-14,-1.05356e-14,-17.7587,7.13082,-18.0624,32.8821,-6.38566,-10.1558,111.15,7.12502,15.8336,140.523,5.7896e-14,-1.05356e-14,-47.0524,7.6332,-15.7817,31.7766,24.1283,-35.2108,-26.9758,7.12502,-8.34825,2.83924,12.5498,-4.20938,12.1086,68.5631,48.4392,-8.79563,15.6108,-58.4875,18.4345,6.34893,26.5888,30.3555,15.7274,-5.22624
0.358245,22.3399,10.8942,26.6127,-24.3248,-23.9332,-10.0758,11.3309,20.1439,-10.4185,13.584,4.59653,-2.75038,5.80748,-4.36466,-9.00684,-2.25862,-3.93253,30.3145,-3.08979,1.99948,11.412,-1.62736,1.03558,2.09718e-14,-3.95581e-14,-19.89,8.67838,-17.6651,33.5493,-6.68147,-9.00674,112.528,7.12502,16.94,141.809,2.09718e-14,-3.95581e-14,-47.8221,6.91532,-15.6212,31.2281,24.3204,-34.5819,-26.6024,7.12502,-7.7412,3.23592,11.8537,-4.68609,11.5925,71.4297,48.9071,-4.79224,10.9445,-56.1704,16.7177,6.69766,25.9591,29.9291,17.1446,-4.82459
0.342807,22.1735,11.3279,26.0916,-24.4262,-23.406,-10.2739,11.3812,19.8066,-10.4717,13.6277,4.55124,-2.73885,5.84591,-4.21382,-8.59598,-2.32448,-4.09825,30.4946,-3.18833,2.05721,11.4075,-1.68747,1.07846,1.13506e-13,5.40694e-14,-22.1239,10.3618,-17.4849,33.8311,-6.59336,-8.04074,113.732,7.12502,17.8696,142.931,1.13506e-13,5.40694e-14,-48.5241,5.83184,-15.1672,30.9227,24.0492,-34.2408,-25.7239,7.12502,-7.41199,4.12624,10.9022,-5.11572,10.6454,74.5015,48.8778,-3.98603,9.91058,-53.6879,14.6645,6.77663,25.4057,29.6646,18.8613,-3.48751
0.319717,21.9855,11.785,25.6801,-24.429,-22.9041,-10.9815,11.4204,19.549,-10.3759,13.4877,4.52026,-2.31481,5.82755,-4.00822,-7.32893,-2.12477,-4.75206,29.645,-3.07365,2.97277,10.8458,-1.60826,1.54932,1.08338e-14,3.12092e-14,-23.8671,11.7414,-17.5359,33.576,-6.31258,-9.30607,113.603,7.12502,16.6518,142.909,1.08338e-14,3.12092e-14,-49.3246,5.10586,-14.9666,30.3748,22.668,-33.8396,-25.6577,7.12502,-7.02476,4.20571,10.0796,-5.62792,9.70913,77.4111,48.3415,-5.97294,12.7178,-51.5404,13.0699,6.28853,24.9838,29.5646,18.9343,-3.8409
0.298084,21.7817,12.2265,25.0679,-24.4865,-22.2886,-11.4444,11.3434,19.1371,-10.1873,13.2725,4.51153,-1.95876,5.77867,-3.76282,-7.3305,-2.13854,-4.79747,29.7049,-3.04537,2.82923,10.8669,-1.6172,1.50864,6.90777e-15,8.5875e-14,-25.2435,12.7962,-17.6768,32.8968,-5.41855,-9.92293,113.268,7.12502,16.0579,142.623,6.90777e-15,8.5875e-14,-50.211,4.16689,-14.4595,29.8859,21.2132,-33.2902,-25.7751,7.12502,-6.49437,4.10536,9.19059,-6.16904,8.6122,80.5147,47.0802,-10.9159,19.8353,-49.3285,11.559,5.5142,24.5548,29.3151,18.954,-3.81437
0.276019,21.5635,12.6645,24.5986,-24.4995,-21.7426,-11.8884,11.293,18.8013,-10.126,13.1116,4.4368,-1.71951,5.73441,-3.62816,-9.12999,-2.56824,-3.74959,31.457,-3.25982,0.892366,11.8753,-1.82216,0.568792,1.2275e-14,-2.18663e-14,-27.1216,14.6344,-18.1631,32.6533,-4.98327,-10.3609,113.279,7.12502,15.6361,142.667,1.2275e-14,-2.18663e-14,-50.9976,2.57712,-13.4653,29.6142,20.2867,-32.8888,-26.5107,7.12502,-6.10685,3.38128,8.07301,-6.7666,7.61141,83.7088,45.316,-15.3531,25.7407,-47.3853,10.2929,4.59129,24.3654,29.3619,18.6097,-3.82261
0.251983,21.3383,13.096,24.2928,-24.579,-21.1353,-12.247,11.1801,18.3278,-10.1871,12.9268,4.32798,-1.68168,5.66318,-3.49969,-7.81327,-2.19737,-4.51567,30.3843,-2.98779,2.17217,11.2089,-1.63672,1.22535,-2.88238e-14,-1.01579e-13,-29.066,17.0784,-19.067,32.5836,-4.79896,-10.7148,113.537,7.12502,15.2953,142.951,-2.88238e-14,-1.01579e-13,-51.9786,0.215754,-11.8766,29.5529,20.0684,-33.602,-26.884,7.12502,-6.79535,2.98695,6.64477,-7.39507,6.58565,86.974,43.7668,-17.4596,28.2802,-45.8027,9.54993,3.19442,24.4573,29.7309,17.1192,-4.56589
0.230799,21.0922,13.5152,23.8648,-24.6958,-20.4633,-12.4564,11.0311,17.8425,-10.1946,12.7313,4.20208,-1.65891,5.58844,-3.40627,-9.31801,-2.46272,-3.78865,31.7008,-3.10825,0.926561,12.0095,-1.75644,0.604394,-1.12363e-13,-7.2954e-14,-30.9283,19.1045,-20.0137,32.2945,-4.07813,-10.3276,113.189,7.12502,15.6682,142.575,-1.12363e-13,-7.2954e-14,-52.9733,-2.18016,-9.99357,29.3488,20.0203,-34.4813,-26.1774,7.12502,-7.64416,3.6645,5.23197,-8.05564,5.4345,90.2999,42.0605,-18.7384,29.9522,-44.4488,9.2498,1.41831,25.058,29.6553,15.2837,-4.83843
0.210193,20.8139,13.9465,23.4402,-24.6537,-19.9305,-13.0792,10.956,17.6397,-10.0075,12.4746,4.07176,-1.16683,5.50802,-3.37002,-7.96166,-2.12286,-4.3485,30.5081,-2.864,2.01028,11.2763,-1.58171,1.15044,3.28492e-14,3.65764e-14,-32.9708,20.8726,-21.1701,32.6068,-4.20254,-9.94418,112.803,7.12502,16.0374,142.159,3.28492e-14,3.65764e-14,-53.7032,-3.34989,-8.75063,28.7053,19.2648,-34.7341,-27.0211,7.12502,-7.88812,2.81169,4.15418,-8.71303,4.41537,93.4191,39.808,-19.6431,31.0443,-43.326,9.30835,-0.414738,26.1364,29.2264,13.5623,-6.57295
0.182521,20.5149,14.3828,23.1923,-24.5706,-19.5018,-14.0106,10.9546,17.4506,-9.67663,12.2243,3.91722,-0.346448,5.45551,-3.29845,-7.61885,-2.00218,-4.5481,29.7509,-2.80191,2.53111,10.9221,-1.51297,1.38246,1.42032e-13,1.29806e-13,-34.9226,22.1263,-22.4084,32.7188,-4.87079,-10.0884,112.984,7.12502,15.8985,142.352,1.42032e-13,1.29806e-13,-54.3527,-3.95845,-7.39682,28.1471,18.7766,-35.787,-27.3495,7.12502,-8.90422,2.44262,2.9795,-9.35698,3.57842,96.4359,37.3767,-19.7042,30.7199,-42.5395,9.88074,-2.3827,27.6057,28.8644,11.3326,-8.86015
0.150503,20.2066,14.8001,22.9654,-24.367,-19.2358,-14.1121,10.8422,17.1935,-9.77787,12.1012,3.8326,-0.448298,5.39352,-3.28586,-9.89656,-2.50004,-3.41954,31.6041,-3.13352,0.642189,12.0779,-1.75692,0.422188,4.85532e-14,3.97569e-14,-37.3361,23.4733,-23.7335,32.9644,-5.78972,-10.3596,113.178,7.12502,15.6373,142.566,4.85532e-14,3.97569e-14,-55.1208,-5.8461,-5.00381,28.0198,19.361,-36.3656,-28.3378,7.12502,-9.46261,1.42975,1.64278,-10.0615,3.09535,99.516,34.4483,-20.673,31.1529,-41.9159,10.7965,-4.26889,29.3702,28.7735,8.24768,-11.2023
0.117495,19.8895,15.2013,22.646,-23.9753,-19.0748,-14.1849,10.7233,17.2106,-9.67651,11.9212,3.70097,-0.2955,5.31653,-3.45151,-9.7078,-2.37553,-3.65731,31.1051,-3.08392,1.25053,11.8512,-1.68518,0.702363,4.32357e-15,-2.88238e-14,-39.663,23.8408,-24.9745,33.0942,-6.2907,-10.6399,113.142,7.12502,15.3673,142.551,4.32357e-15,-2.88238e-14,-55.9409,-7.63782,-2.02437,28.0465,20.09,-36.8348,-29.1839,7.12502,-9.91526,0.562564,0.47597,-10.7539,2.94272,102.523,30.3691,-23.6851,34.4878,-41.2539,11.7233,-5.93576,31.2679,28.4111,5.4616,-13.6592
0.083583,19.557,15.5922,22.2387,-23.5195,-18.6462,-14.2264,10.518,16.9367,-9.50455,11.6702,3.49272,-0.118116,5.22128,-3.57129,-10.2259,-2.41691,-3.71725,30.9129,-3.20455,1.57221,11.8916,-1.70189,0.811059,5.83433e-14,1.07145e-13,-41.7835,23.723,-26.1463,33.0571,-6.32839,-10.7338,112.95,7.12502,15.2769,142.366,5.83433e-14,1.07145e-13,-56.7195,-8.88488,0.88107,28.1809,20.7157,-39.3757,-22.3075,7.12502,-12.3659,7.30676,-0.734962,-11.5532,2.53172,105.598,27.2888,-23.4943,35.2679,-40.6387,12.5121,-7.74409,33.198,27.7871,3.35553,-15.4915
0.0506109,19.2009,15.9715,21.7743,-23.0144,-17.9105,-14.3128,10.249,16.3482,-9.27572,11.3641,3.22579,0.103285,5.11551,-3.59703,-10.977,-2.54232,-3.64557,30.6829,-3.38229,1.61682,11.9601,-1.76114,0.782119,7.40597e-14,1.56543e-14,-43.9734,23.6202,-27.358,33.2245,-6.46906,-10.5988,112.69,7.12502,15.407,142.095,7.40597e-14,1.56543e-14,-57.2672,-8.98136,2.78822,28.2575,21.0098,-34.8037,-30.934,7.12502,-7.95529,-1.10374,-2.16298,-12.5082,1.64908,108.856,22.9078,-23.6663,37.5487,-40.1651,13.1855,-9.8045,35.2544,26.0167,1.53004,-15.508
0.0174155,18.8202,16.338,21.3246,-22.5351,-17.0983,-14.3707,9.97956,15.7485,-9.04947,11.0686,2.89852,0.318856,5.01219,-3.67964,-11.3218,-2.64449,-3.73434,30.1966,-3.56569,1.88293,11.8508,-1.81641,0.867501,-1.90026e-14,-5.37216e-14,-46.2715,23.4911,-28.7236,33.5143,-6.71995,-10.3423,112.496,7.12502,15.654,141.882,-1.90026e-14,-5.37216e-14,-57.5967,-8.25896,3.76467,28.1381,20.9475,-31.6642,-36.1261,7.12502,-4.9245,-6.20337,-3.72192,-13.3583,0.613338,112.141,18.5125,-23.2327,37.1383,-39.75,13.7021,-11.8404,37.5867,19.8429,0.952845,-26.5697
-0.0196793,18.4223,16.7008,21.0231,-21.9658,-16.4702,-14.419,9.69287,15.3191,-8.91384,10.7399,2.61004,0.437271,4.87549,-3.82266,-9.09892,-2.13889,-5.12542,27.3864,-3.2892,4.49012,10.3868,-1.54881,2.09896,2.39287e-14,3.16316e-14,-48.5169,23.2216,-30.0914,33.6756,-6.83796,-10.4344,112.346,7.12502,15.5652,141.739,2.39287e-14,3.16316e-14,-58.5522,-8.95116,6.69704,28.9448,20.2648,-35.9421,-27.3194,7.12502,-9.05395,2.46625,-5.41662,-14.0316,0.0394326,115.27,14.4443,-22.2888,35.6706,-39.3987,14.09,-13.559,40.2583,11.1271,1.43816,-32.7248
-0.0627042,18.0336,17.0701,20.9036,-21.2176,-16.0226,-14.5197,9.3512,15.03,-8.89276,10.3217,2.33887,0.454516,4.67793,-4.04076,-8.32707,-1.92487,-5.39991,25.8054,-3.18703,5.56227,9.67459,-1.42153,2.52079,1.49958e-13,1.03368e-13,-50.6645,22.9154,-31.5855,33.6352,-6.5687,-10.5663,112.333,7.12502,15.4383,141.736,1.49958e-13,1.03368e-13,-58.7522,-7.41182,6.22406,28.0088,20.3681,-30.6115,-39.7969,7.12502,-3.90797,-9.85295,-7.47251,-14.5619,0.291228,118.123,11.075,-21.2563,33.3582,-39.2178,14.477,-14.9812,43.1618,2.88273,2.93515,-30.0647
-0.108007,17.6797,17.442,20.8211,-20.4309,-15.5515,-14.3768,8.9438,14.671,-8.97682,9.88681,2.03571,0.221503,4.45594,-4.30209,-8.26603,-1.91958,-5.02379,24.8386,-3.27243,5.81488,9.32214,-1.40265,2.52021,-8.18247e-14,-4.67144e-14,-53.1319,22.8892,-33.5991,34.0513,-6.31994,-10.2675,112.583,7.12502,15.726,141.964,-8.18247e-14,-4.67144e-14,-59.8688,-8.08109,9.65021,28.9738,18.1189,-36.5834,-28.8595,7.12502,-9.67271,0.898435,-10.0137,-15.0483,1.02906,120.806,8.24474,-20.7739,31.7865,-39.2123,14.4177,-15.9952,46.0627,-4.11686,5.50153,-23.5061
-0.153766,17.3506,17.8107,20.8054,-19.7233,-14.9809,-14.3221,8.56325,14.2326,-8.98456,9.47026,1.6797,0.120474,4.25533,-4.54978,-8.29391,-1.92979,-4.67391,23.8303,-3.37126,6.10727,8.97992,-1.39167,2.53551,-6.41081e-15,-2.3059e-14,-55.793,22.7975,-36.0459,34.8516,-6.56296,-10.1072,113.009,7.12502,15.8804,142.378,-6.41081e-15,-2.3059e-14,-60.4729,-7.45012,11.5555,29.4394,18.3392,-35.6902,-30.7212,7.12502,-8.81088,-0.925129,-12.7516,-15.0077,2.23785,122.962,5.42826,-20.7296,30.9865,-39.2443,13.8555,-16.7163,48.5578,-10.9432,7.05309,-11.5792
-0.20358,17.0184,18.1788,20.8569,-19.3581,-13.8169,-14.7544,8.20662,13.1833,-8.85785,9.06357,1.1367,0.383246,4.10147,-4.59556,-8.31492,-1.83189,-4.38876,22.8586,-3.33991,6.56857,8.64977,-1.31262,2.6334,-6.55492e-14,-3.69739e-14,-57.7634,21.9593,-38.2994,35.0028,-6.40513,-9.94426,112.986,7.12502,16.0373,142.342,-6.55492e-14,-3.69739e-14,-60.915,-6.58608,13.8844,29.8774,18.6911,-35.3263,-33.9707,7.12502,-8.45968,-4.16011,-16.5287,-14.9276,2.7785,125.385,3.11723,-20.2942,32.0775,-39.0491,13.3651,-18.1743,50.1114,-16.8402,7.96962,-4.62031
-0.265094,16.6976,18.4745,20.3834,-19.2775,-11.1366,-14.261,7.45396,10.2642,-8.87764,8.54293,0.336146,-0.183938,3.9072,-4.05485,-8.53238,-1.74915,-4.55707,22.1151,-3.32991,7.38212,8.45138,-1.2454,2.92787,6.26172e-15,9.93923e-15,-59.293,20.6307,-40.2592,34.9963,-5.70929,-9.60741,112.552,7.12502,16.3617,141.882,6.26172e-15,9.93923e-15,-61.1673,-5.67051,16.6542,30.3406,19.3161,-35.5594,-38.1094,7.12502,-8.68466,-8.30801,-20.8776,-16.1358,0.300687,128.429,1.10868,-18.5347,34.2916,-38.6503,12.4772,-21.1408,50.8237,-21.0513,9.64148,-3.76739
-0.334438,16.4649,18.8089,19.6208,-19.1234,-7.33214,-14.0005,6.4977,6.2381,-8.76721,7.80401,-0.678384,-0.598418,3.65536,-3.09564,-10.4086,-1.99709,-4.3958,22.773,-3.68478,7.33955,9.05004,-1.35793,2.85241,7.04692e-14,3.4191e-14,-60.7962,19.134,-42.1502,35.3871,-4.85505,-9.19547,112.322,7.12502,16.7583,141.618,7.04692e-14,3.4191e-14,-61.2163,-4.70846,19.6947,30.8872,20.1749,-36.7959,-38.3505,7.12502,-9.87777,-8.60224,-24.9301,-17.7131,-3.23459,130.459,-1.09228,-16.3919,32.1381,-37.442,10.8186,-25.1038,50.6457,-24.4797,12.0457,-4.61485
-0.4193,16.1944,19.0916,18.9333,-19.1439,-3.32572,-13.7372,5.56048,1.72698,-8.66236,7.10096,-1.67637,-1.05418,3.4421,-1.8003,-14.0958,-2.72874,-2.96439,25.0746,-4.53134,5.11086,10.5517,-1.77264,1.72487,-4.99446e-14,-2.18663e-14,-62.2718,17.6847,-44.0716,36.3557,-4.87988,-8.75827,111.912,7.12502,17.1791,141.173,-4.99446e-14,-2.18663e-14,-62.1811,-5.35054,24.4876,33.6477,22.9617,-37.6287,-35.6276,7.12502,-10.6811,-5.91906,-29.6767,-19.859,-7.39954,132.754,-3.48172,-14.1999,34.143,-36.7478,8.95703,-29.2539,50.626,-26.8968,14.6689,-4.69352
-0.470857,15.9545,19.3829,17.6318,-18.1708,0.206701,-12.5525,4.5593,-1.49634,-8.4149,6.12483,-2.55613,-1.69704,3.05444,-1.15783,-9.18761,-1.73742,-5.07852,19.3767,-3.2895,8.63924,7.68333,-1.16585,3.39561,-6.44062e-14,-9.54166e-15,-63.9002,16.3918,-45.9937,37.2996,-4.89164,-8.40306,111.695,7.12502,17.521,140.926,-6.44062e-14,-9.54166e-15,-62.1488,-4.7266,27.8457,34.8584,23.4562,-36.3645,-36.5045,7.12502,-9.46152,-6.73689,-33.2445,-20.7218,-9.59001,133.755,-5.15542,-12.8773,34.8855,-35.158,6.83332,-32.7621,50.9389,-28.793,17.01,-3.79449
-0.523726,15.739,19.682,16.518,-17.7507,2.06284,-11.4085,3.98006,-3.14363,-7.76031,5.49941,-3.03769,-1.73816,2.79032,-0.869236,-13.5631,-2.6404,-3.20025,21.6718,-4.374,5.95199,9.25431,-1.67716,2.05372,-1.87106e-14,5.56597e-15,-64.6581,14.4518,-47.5924,38.2067,-4.89012,-8.47346,111.53,7.12502,17.4532,140.766,-1.87106e-14,5.56597e-15,-61.1359,-2.52551,30.0691,34.9658,22.5685,-34.4486,-38.9621,7.12502,-7.61262,-9.1191,-38.1061,-18.722,-7.56213,134.144,-5.91277,-13.3648,26.5615,-33.7081,5.79059,-34.6864,51.9889,-30.5881,18.5989,-2.32185
-0.562374,15.5413,19.9891,15.7258,-17.1233,2.74587,-10.1641,3.54386,-3.46462,-7.14653,4.91967,-3.26095,-1.76951,2.50466,-1.03072,-14.0773,-2.45099,-2.80363,20.5184,-4.12162,5.94117,8.93121,-1.53428,1.99956,4.56708e-14,5.56597e-15,-64.8963,12.1869,-48.9927,38.7809,-4.52754,-8.42894,111.11,7.12502,17.4961,140.343,4.56708e-14,5.56597e-15,-59.9513,-0.291513,32.3327,35.3413,21.6641,-34.86,-37.7765,7.12502,-8.00964,-7.94832,-42.8626,-14.5181,-3.10093,133.55,-6.17232,-14.9321,20.0997,-32.3527,4.59562,-35.3441,53.3847,-32.6157,19.3237,0.235705
-0.598432,15.3572,20.296,14.8723,-16.4746,3.43531,-8.95249,3.14618,-3.70236,-6.59669,4.37244,-3.5021,-1.84973,2.23221,-1.24142,-13.756,-2.21706,-2.74442,19.1004,-3.82284,6.36471,8.38415,-1.37248,2.15808,-1.11071e-13,5.1684e-15,-65.2168,10.3326,-50.9424,39.2908,-4.43753,-8.16887,110.555,7.12502,17.7463,139.765,-1.11071e-13,5.1684e-15,-58.4139,1.54359,35.0139,35.6014,20.9767,-36.6006,-35.4734,7.12502,-9.68929,-5.71626,-46.7685,-9.75384,0.517869,132.227,-5.17291,-15.0836,19.1735,-30.7401,3.5616,-35.9789,54.6105,-34.534,19.6972,0.903965
-0.650674,15.1754,20.5849,13.8898,-16.0267,4.65253,-7.2939,2.69511,-4.90542,-6.45937,3.7373,-3.69861,-2.68924,1.9595,-0.908985,-12.8071,-1.95683,-2.92083,17.9737,-3.46373,6.82695,7.82981,-1.2057,2.37611,4.70001e-14,1.98785e-15,-65.9927,9.41801,-53.4649,40.0223,-4.99936,-8.44161,110.301,7.12502,17.4839,139.535,4.70001e-14,1.98785e-15,-56.9115,2.71601,38.169,35.4218,20.2412,-36.2503,-36.935,7.12502,-9.35133,-7.16242,-50.2975,-5.32282,2.36852,130.58,-4.92077,-15.0008,18.9881,-28.971,3.24264,-37.1276,55.4332,-35.9339,19.8521,-0.953475
-0.709571,15.0343,20.9045,13.0192,-15.7997,6.03153,-6.57268,2.37668,-6.27,-6.01663,3.33664,-4.00627,-2.69005,1.79413,-0.511679,-10.1583,-1.22077,-3.54635,15.2693,-2.41838,8.0139,6.44794,-0.737389,2.94646,1.22408e-14,-6.36111e-15,-66.2741,8.11959,-56.0207,40.7503,-4.49175,-7.78205,109.777,7.12502,18.1185,138.953,1.22408e-14,-6.36111e-15,-54.573,3.68264,41.7887,35.2864,19.389,-36.1695,-37.1066,7.12502,-9.27334,-7.33056,-54.1379,-0.923552,3.18195,128.583,-5.9481,-15.5855,13.2505,-26.9389,3.5407,-38.4607,55.7168,-37.0703,19.8384,-4.68381
-0.764719,14.9251,21.256,11.8658,-15.3237,6.8786,-6.29665,2.13244,-6.82388,-5.04876,3.07774,-4.2474,-1.84037,1.64531,-0.440906,-10.397,-1.17562,-3.36677,14.9923,-2.33856,7.85873,6.3938,-0.700076,2.86973,1.09021e-14,3.18055e-14,-65.9259,6.67719,-58.8215,40.9858,-4.26175,-7.70376,109.611,7.12502,18.1939,138.78,1.09021e-14,3.18055e-14,-51.4956,4.42972,45.6846,35.2887,18.6824,-37.3321,-35.8772,7.12502,-10.395,-6.15416,-56.216,3.26148,4.01716,125.702,-6.58912,-16.1106,15.0629,-24.1552,4.27338,-39.1227,55.6754,-37.9611,19.6203,-7.22691
-0.817213,14.8373,21.6177,11.0517,-14.9863,6.83795,-4.58151,1.94475,-6.93758,-5.16217,2.6542,-4.03457,-2.91501,1.46737,-0.249177,-13.7479,-1.74411,-1.89652,18.8068,-3.14103,5.42314,8.22055,-1.08816,1.77494,2.30155e-15,3.33958e-14,-66.6103,6.77366,-62.0255,41.5573,-4.45405,-7.7911,109.796,7.12502,18.1098,138.973,2.30155e-15,3.33958e-14,-49.8587,3.68873,49.8835,35.7102,18.3739,-37.135,-37.8443,7.12502,-10.2049,-8.11182,-58.4196,7.35429,5.42242,122.544,-6.47658,-17.8845,13.8698,-21.5483,5.58881,-38.8111,55.5379,-38.5477,19.0391,-10.5173
-0.867761,14.762,21.9938,10.4652,-14.6318,6.4718,-4.62461,1.73506,-6.55287,-4.16996,2.44768,-3.82525,-1.83195,1.31889,-0.21312,-8.79791,-0.293425,-4.7313,13.0245,-1.07319,9.52106,5.43236,-0.102348,3.70045,-4.42544e-14,1.59028e-14,-65.283,5.86171,-64.7455,41.8763,-4.477,-8.11542,109.857,7.12502,17.7978,139.063,-4.42544e-14,1.59028e-14,-46.6171,3.15235,54.5064,36.5573,18.2545,-36.1965,-39.9906,7.12502,-9.29943,-10.2157,-60.5245,10.7875,6.62684,119.109,-7.62777,-20.1962,11.7458,-18.9644,6.99658,-38.0487,55.3446,-39.0858,17.928,-13.5336
-0.923709,14.693,22.3807,10.3136,-14.1313,6.04582,-4.00228,1.39704,-6.4753,-4.3452,1.93126,-3.3913,-2.35104,1.08051,0.156318,-13.9138,-1.3455,-2.13066,18.9035,-2.52611,5.3618,8.25878,-0.816317,1.86311,-7.8023e-15,9.14409e-15,-64.9704,5.5367,-66.8738,42.0281,-3.78286,-8.38611,109.524,7.12502,17.5373,138.753,-7.8023e-15,9.14409e-15,-45.0127,0.938689,59.2345,38.1575,18.7137,-35.967,-39.9084,7.12502,-9.07796,-10.1238,-62.7646,13.179,7.46454,115.458,-8.62309,-22.7871,9.07771,-16.7083,8.04274,-37.094,54.949,-39.5624,16.2081,-14.7793
-0.981679,14.62,22.7658,10.3604,-13.8325,5.91567,-3.73316,1.04691,-6.6928,-4.59302,1.43254,-3.07065,-2.75096,0.85648,0.588827,-13.4182,-1.05589,-2.31453,19.1772,-2.10848,5.38786,8.2442,-0.634464,1.95246,1.45361e-14,-1.51076e-14,-64.6318,5.26618,-68.9488,42.5274,-2.68786,-8.43055,109.292,7.12502,17.4945,138.524,1.45361e-14,-1.51076e-14,-43.3512,-1.5962,63.6183,39.8195,19.3787,-35.7882,-39.9161,7.12502,-8.90538,-10.124,-65.5395,14.7773,7.54408,111.817,-10.8451,-25.0587,10.7625,-14.8051,8.69767,-36.5084,54.3008,-39.8131,14.3352,-14.3106
-1.02916,14.5934,23.207,10.5745,-13.0884,6.07011,-4.48503,0.446764,-6.77696,-4.49199,0.713757,-2.98324,-2.18369,0.48511,0.730292,-13.5565,-0.81163,-2.19939,19.4422,-1.79645,5.3331,8.34324,-0.47974,1.95242,-1.28589e-14,-6.36111e-15,-63.9228,4.95579,-71.1542,43.6837,-2.63584,-9.04172,109.096,7.12502,16.9063,138.38,-1.28589e-14,-6.36111e-15,-41.1417,-3.64647,67.1556,41.4784,19.5321,-35.6951,-40.5179,7.12502,-8.81562,-10.7221,-67.6004,15.2579,7.14785,107.733,-13.1774,-26.5555,10.7151,-12.3869,8.6264,-36.1856,52.9954,-39.751,12.5704,-14.1011
-1.0754,14.5779,23.6577,11.0498,-12.0483,5.97919,-5.10279,-0.18028,-6.76483,-4.64171,-0.0687414,-2.6924,-1.94528,0.0948185,1.00481,-13.3022,-0.639782,-2.32116,19.4332,-1.50938,5.21821,8.28105,-0.368739,1.96536,-3.22093e-15,1.19271e-14,-63.5173,4.74539,-73.0454,44.8911,-2.6749,-9.9312,109.138,7.12502,16.0499,138.493,-3.22093e-15,1.19271e-14,-39.1356,-5.71159,70.5631,43.1235,19.6848,-35.1032,-40.7141,7.12502,-8.24441,-10.895,-69.7028,15.0367,7.08695,103.548,-14.7601,-27.8241,11.9473,-9.96547,8.1413,-35.5463,51.3289,-39.238,11.2857,-16.3775
-1.12024,14.5774,24.1171,11.7498,-10.8367,5.46025,-5.88405,-0.779423,-6.34619,-4.79685,-0.814825,-2.2434,-1.61696,-0.287739,1.20227,-12.9158,-0.425105,-2.54862,19.1965,-1.14491,5.16123,8.11617,-0.225818,2.01986,-1.00976e-14,-2.42517e-14,-62.9185,4.35226,-74.5031,45.956,-1.02724,-9.05101,108.928,7.12502,16.8973,138.213,-1.00976e-14,-2.42517e-14,-37.0953,-8.28185,73.9758,44.8006,20.8943,-34.2124,-40.0267,7.12502,-7.38461,-10.1755,-71.6154,14.4718,7.69318,99.2216,-16.1987,-29.193,13.2334,-7.58326,7.41863,-34.4197,49.3007,-38.3641,10.5015,-20.0432
-1.16359,14.5894,24.5871,12.4537,-9.64815,4.77915,-6.3597,-1.34095,-5.88359,-5.15255,-1.55603,-1.64679,-1.66556,-0.654093,1.5189,-12.6262,-0.171766,-2.80549,19.1533,-0.730301,5.10507,8.03108,-0.0575015,2.08629,2.00858e-14,1.5704e-14,-62.5674,4.17389,-75.7413,46.8254,-1.82333,-10.579,107.88,7.12502,15.426,137.285,2.00858e-14,1.5704e-14,-35.4841,-10.5306,77.1177,46.8586,21.5613,-34.4115,-39.6659,7.12502,-7.57675,-9.82166,-73.1907,13.7701,8.61463,94.8537,-16.8651,-29.826,13.3408,-5.20449,6.54567,-33.1596,47.0789,-37.1797,9.29976,-22.4559
-1.2059,14.6069,25.0742,12.9944,-8.4175,4.07477,-6.29043,-1.91828,-5.45045,-5.8827,-2.3742,-0.917487,-2.39391,-1.03422,2.0017,-12.2913,0.0170252,-2.97375,19.6056,-0.359309,4.63868,8.10392,0.0575849,2.00188,4.87644e-16,-2.42517e-14,-62.9615,4.38437,-76.7355,48.1957,-0.367,-9.1814,107.544,7.12502,16.7718,136.84,4.87644e-16,-2.42517e-14,-34.7604,-11.9687,79.9963,49.038,21.0239,-33.3994,-37.6043,7.12502,-6.5998,-7.7271,-74.339,12.8731,9.69151,90.5293,-15.8663,-30.0119,12.7417,-2.68608,5.65434,-31.8585,44.7839,-35.312,7.86378,-24.5142
-1.23163,14.6248,25.564,13.3628,-6.78868,4.08552,-6.79565,-2.59367,-5.26849,-6.02005,-3.24545,-0.542129,-2.18082,-1.47274,2.22494,-12.7315,0.0311659,-2.94475,19.865,-0.204415,3.99018,8.26492,0.0734857,1.80227,3.26116e-14,1.71949e-14,-62.4051,4.15658,-77.6827,49.3162,0.961013,-8.23059,107.682,7.12502,17.687,136.898,3.26116e-14,1.71949e-14,-33.1666,-13.8095,82.5883,51.3237,21.4687,-33.415,-38.6306,7.12502,-6.61487,-8.75393,-75.3059,11.0034,10.1991,86.4554,-15.0441,-28.8486,11.7792,-0.0165783,4.46307,-31.227,42.4281,-32.8282,6.50371,-26.5735
-1.26075,14.6357,26.0634,13.9566,-5.16094,4.01162,-7.72061,-3.37139,-5.10845,-6.10935,-4.22481,-0.0707786,-1.66562,-1.97186,2.51125,-13.1047,0.131759,-2.87511,19.7833,0.0737028,3.33238,8.29646,0.147283,1.60112,-3.30712e-15,-6.33626e-15,-61.5022,4.3577,-78.8221,50.089,1.57296,-8.25109,107.881,7.12502,17.6672,137.098,-3.30712e-15,-6.33626e-15,-31.6388,-15.7697,84.9293,53.8398,22.8971,-32.9263,-36.6079,7.12502,-6.14305,-6.71692,-76.4076,9.06531,10.8683,82.4953,-12.9529,-27.4464,8.30365,2.36466,3.28806,-30.4799,40.0846,-30.2551,4.67072,-27.6241
-1.28825,14.6632,26.5784,14.7247,-3.37478,3.52758,-8.69945,-4.12953,-4.47658,-6.41578,-5.21756,0.572802,-1.36261,-2.48098,2.69067,-13.4428,0.173191,-2.89627,19.9311,0.283189,2.68421,8.40305,0.180251,1.41353,6.3375e-14,1.6201e-14,-60.8271,4.80939,-79.8746,50.6653,2.57537,-7.61721,107.979,7.12502,18.2771,137.14,6.3375e-14,1.6201e-14,-30.4778,-17.6836,87.1676,56.4311,24.2234,-33.7021,-37.3702,7.12502,-6.892,-7.50236,-77.2223,7.29587,11.9546,78.4742,-11.4297,-25.6809,5.43895,4.42823,2.01437,-29.234,37.9468,-27.2401,2.9982,-29.2145
-1.30028,14.6971,27.1079,14.3251,-1.91009,2.72343,-8.6642,-4.55094,-3.30222,-6.446,-5.85164,1.14618,-1.41105,-2.82347,2.581,-13.3437,0.160246,-3.25937,19.8214,0.399265,2.43792,8.34506,0.18261,1.40255,-5.09386e-14,-6.16232e-15,-60.3095,5.16623,-80.8279,50.986,3.16234,-7.2252,107.945,7.12502,18.6542,137.07,-5.09386e-14,-6.16232e-15,-29.4911,-19.8232,89.3939,58.9397,25.2153,-33.6338,-36.5226,7.12502,-6.8261,-6.65265,-76.6654,5.99486,13.4747,74.5231,-8.13105,-23.5834,0.457365,7.60591,1.23227,-27.7195,36.1124,-23.6336,1.62913,-30.6428
-1.29697,14.7496,27.6025,14.7919,0.193135,2.27869,-8.93072,-5.19479,-2.09516,-6.72742,-6.77662,1.60384,-1.57464,-3.31251,2.30074,-13.1903,0.22103,-3.60972,19.4034,0.593976,2.2839,8.171,0.23597,1.4254,1.48219e-14,-3.97569e-16,-59.5556,5.55635,-81.9307,51.2937,3.44495,-7.43757,108.058,7.12502,18.4499,137.203,1.48219e-14,-3.97569e-16,-28.2109,-22.2382,91.1655,61.3746,26.1686,-32.9675,-36.507,7.12502,-6.18286,-6.61721,-76.9436,3.7646,14.5632,70.4897,-4.63746,-21.1556,-1.48815,9.21188,-0.17505,-26.4389,34.7946,-18.8098,-0.0485441,-29.8884
-1.32325,14.7975,28.1187,15.3846,1.19018,1.68139,-9.86232,-5.50589,-1.28616,-6.88155,-7.22822,2.10662,-1.2375,-3.55866,2.25097,-14.0045,0.163946,-3.51166,19.8372,0.674457,1.58084,8.46758,0.207785,1.19093,-1.81143e-14,-2.5842e-14,-58.7233,6.00926,-83.0338,51.7266,4.17224,-7.69422,108.342,7.12502,18.203,137.51,-1.81143e-14,-2.5842e-14,-26.7094,-24.8295,92.5156,63.662,27.0984,-33.4146,-36.2744,7.12502,-6.6145,-6.39768,-77.3619,3.18667,15.2977,66.3271,-1.16045,-19.3987,-1.73747,10.1915,-0.604484,-25.1088,33.9673,-13.9875,-1.20623,-30.5441
-1.34285,14.8376,28.6266,15.8838,1.99992,1.17829,-10.4539,-5.66503,-0.392428,-7.19552,-7.50128,2.52493,-1.28955,-3.71447,2.12786,-15.4008,-0.0450854,-3.08011,20.9681,0.600709,0.410157,9.12129,0.0685214,0.726324,-7.87684e-15,1.35174e-14,-58.0563,6.48095,-84.0749,51.7932,4.53046,-8.25047,108.359,7.12502,17.6678,137.576,-7.87684e-15,1.35174e-14,-25.4052,-27.1742,93.8588,65.7417,27.783,-32.8412,-35.877,7.12502,-6.06089,-5.9837,-77.5888,2.81407,15.8383,62.3019,1.80068,-17.8658,-2.01621,10.9214,-0.841171,-23.8931,33.5261,-8.80066,-2.3183,-29.8184
-1.36943,14.8687,29.1131,16.1395,2.36171,0.788797,-10.3641,-5.68667,0.217531,-7.55693,-7.571,2.89212,-1.74324,-3.75996,2.20239,-13.2084,0.481265,-4.51136,19.1169,1.29478,1.62902,8.05877,0.441026,1.42877,3.10601e-14,-2.46493e-14,-57.2277,6.99966,-85.069,51.5908,4.82664,-8.10001,108.174,7.12502,17.8126,137.378,3.10601e-14,-2.46493e-14,-24.0976,-29.2427,95.0321,67.6076,28.1844,-32.87,-37.0733,7.12502,-6.08875,-7.18076,-77.5596,2.81047,16.3213,58.4177,4.50256,-16.2504,-1.7449,11.534,-0.620069,-22.8191,33.4449,-3.64827,-3.14484,-26.9389
-1.37865,14.9137,29.6446,16.0886,2.73697,0.782126,-10.8515,-5.70149,0.777702,-7.57958,-7.63771,2.99711,-1.55999,-3.81052,1.95087,-14.5056,0.303889,-3.95404,20.1009,1.25907,0.402621,8.64363,0.322859,0.938577,-2.55935e-14,-7.95139e-15,-56.2129,7.44793,-85.9794,51.5418,4.70466,-7.94763,108.352,7.12502,17.9592,137.542,-2.55935e-14,-7.95139e-15,-22.7351,-31.4213,95.9849,69.2575,27.9942,-32.3921,-37.1784,7.12502,-5.62727,-7.27316,-77.3118,2.28446,16.7128,55.8014,6.74615,-14.0842,-0.905667,13.0347,-0.465541,-22.2339,32.4886,1.68326,-3.66966,-23.4297
-1.38562,14.9564,30.1561,16.0866,2.97665,0.850694,-11.0748,-5.61544,1.33799,-7.75283,-7.5674,3.03203,-1.69204,-3.79348,1.6809,-14.997,0.121609,-4.19447,20.5221,1.14998,0.161217,8.88268,0.218527,0.889111,-5.70512e-14,-3.18055e-14,-55.3446,7.73216,-86.7072,51.2855,4.79337,-8.13143,108.609,7.12502,17.7824,137.816,-5.70512e-14,-3.18055e-14,-21.6737,-33.4834,96.9427,71.0342,27.8689,-33.0895,-37.2821,7.12502,-6.30057,-7.39581,-76.9312,1.71295,17.1721,52.9999,8.79945,-12.5066,-1.23662,13.5159,-0.521363,-21.9861,33.2503,4.52515,-3.88557,-26.5664
-1.33392,14.8802,30.8599,14.5481,3.0928,3.10578,-12.7943,-5.74185,0.632637,-7.02274,-7.69586,2.07873,-0.0405187,-3.84492,0.838479,-13.7687,0.318909,-5.13601,19.9766,1.45282,0.686028,8.45459,0.357466,1.24651,2.51463e-14,5.56597e-15,-54.853,8.55736,-87.5806,50.8643,4.96049,-8.4124,108.868,7.12502,17.512,138.099,2.51463e-14,5.56597e-15,-21.0992,-35.118,97.9549,72.9295,27.7479,-32.5569,-38.1607,7.12502,-5.78639,-8.25973,-75.5001,-1.69361,17.2367,52.1169,10.1784,-8.38921,0.487334,16.7991,-1.02659,-24.8703,34.2554,7.32099,-3.23305,-22.2697
-1.44809,14.9438,31.176,15.3002,2.56919,1.32701,-10.467,-5.42945,1.06209,-8.0864,-7.27588,3.12677,-2.33087,-3.63402,2.0416,-14.814,0.105235,-4.67597,21.0915,1.38333,-0.435254,9.04682,0.212645,0.795872,6.14245e-14,-9.54166e-15,-54.1184,9.82586,-88.6559,50.9613,4.13106,-9.12998,109.649,7.12502,16.8213,138.941,6.14245e-14,-9.54166e-15,-20.1403,-36.4841,98.4261,74.9717,27.7111,-32.93,-38.5641,7.12502,-6.14663,-8.6733,-75.5957,1.20854,18.6653,49.5991,11.6143,-11.1244,-1.47262,13.9721,-0.294961,-22.3543,37.4472,8.34422,-4.18964,-22.7156
-1.46899,14.8844,31.6194,15.1199,2.20619,2.23486,-9.97077,-5.29011,0.448527,-8.08891,-7.04201,2.8479,-2.56934,-3.49728,2.15829,-16.4892,-0.314329,-3.9622,22.2235,1.07002,-1.80723,9.77992,-0.0657404,0.169817,-5.36719e-15,-1.59028e-14,-52.775,10.7407,-89.4951,50.7178,4.62877,-9.09144,110.041,7.12502,16.8584,139.329,-5.36719e-15,-1.59028e-14,-18.7025,-38.6329,98.4017,76.9085,28.7872,-33.2442,-38.6064,7.12502,-6.44999,-8.72463,-75.5381,0.18883,19.9381,49.0622,13.8177,-8.74629,-11.2414,13.1607,-0.116963,-23.4351,41.0123,7.89291,-4.29968,-22.8119
-1.50184,14.7919,32.1133,14.6691,1.73076,2.44335,-9.8777,-5.03417,0.458471,-8.04868,-6.70334,2.68947,-2.60799,-3.3306,2.02412,-13.1883,0.117164,-6.19803,19.5412,1.36297,0.707895,8.20319,0.248605,1.41196,9.41245e-14,3.97569e-15,-51.8706,11.6317,-90.4019,50.2747,5.11274,-9.37811,110.401,7.12502,16.5824,139.712,9.41245e-14,3.97569e-15,-17.5902,-40.4832,98.3268,78.9557,29.4199,-32.9301,-38.1899,7.12502,-6.14672,-8.29907,-74.6229,-0.213568,21.5262,48.1099,15.7883,-8.54059,-11.5955,12.0445,0.486146,-23.6801,46.2084,6.26758,-4.44969,-23.9948
-1.51956,14.6933,32.601,14.2599,1.76424,2.7084,-9.70657,-4.87714,0.798072,-8.16251,-6.51463,2.41742,-2.89626,-3.25497,1.59909,-13.4789,-0.129498,-5.8445,20.1539,1.10836,0.0868305,8.48073,0.0746272,1.12375,-7.81224e-14,-2.38542e-14,-51.1535,12.5601,-91.4041,49.6892,5.336,-11.474,110.548,7.12502,14.5639,140.016,-7.81224e-14,-2.38542e-14,-16.6923,-42.0736,98.2729,80.8772,29.6416,-33.2553,-38.0982,7.12502,-6.46071,-8.21675,-74.3012,-1.17244,23.0452,49.1021,15.7531,-7.37238,-13.1633,11.0368,0.803664,-23.812,50.6775,5.44815,-4.4051,-25.0843
-1.58834,14.5762,33.0214,13.9836,0.570444,2.96841,-8.85098,-4.3986,0.0346524,-8.26634,-5.82761,2.27447,-3.42577,-2.87644,1.99797,-14.1538,-0.53157,-5.33608,20.7073,0.657578,-0.656854,8.81408,-0.192987,0.740933,8.33902e-14,-7.95139e-16,-49.8945,13.5,-92.2474,49.0712,6.60028,-10.6705,110.085,7.12502,15.3379,139.496,8.33902e-14,-7.95139e-16,-15.2303,-43.5419,97.8166,82.579,29.7864,-33.1807,-38.132,7.12502,-6.38867,-8.24832,-74.1477,0.11478,23.5606,49.8055,17.9255,-7.15872,-9.79076,8.84577,2.46003,-23.8125,56.0663,4.52989,-4.60193,-26.0694
-1.60237,14.4309,33.5757,13.2708,0.443612,4.55332,-9.89832,-4.32374,-0.937808,-7.81089,-5.6745,1.5459,-2.35908,-2.78456,1.68099,-14.8234,-0.953109,-5.06256,21.2512,0.176894,-1.15283,9.13974,-0.466558,0.468917,3.02153e-14,-8.74653e-15,-48.7354,14.7968,-93.0649,48.6532,7.70681,-9.58352,109.781,7.12502,16.3847,139.109,3.02153e-14,-8.74653e-15,-13.8131,-44.6361,97.4214,84.1437,29.7735,-33.0666,-37.8479,7.12502,-6.27846,-7.96091,-73.9462,-1.55777,24.0757,52.3113,15.8685,-5.32955,1.9505,8.50309,2.88655,-25.3776,60.6115,3.3776,-4.03223,-25.9468
-1.73268,14.31,34.0215,13.9218,-2.37518,3.41945,-10.4601,-3.27364,-1.41507,-7.98555,-4.24238,1.95121,-2.22684,-2.03835,2.45664,-13.1829,-0.952629,-6.58294,19.7572,-0.0570088,0.835637,8.33042,-0.444726,1.36606,9.0447e-15,6.36111e-15,-47.4127,16.2407,-93.8867,48.2104,8.00663,-9.26054,109.539,7.12502,16.6956,138.841,9.0447e-15,6.36111e-15,-12.405,-45.6201,96.9288,85.6717,29.5827,-32.9004,-36.804,7.12502,-6.11801,-6.91233,-74.4075,2.11825,25.9248,54.2281,11.9387,-8.69795,10.517,4.92542,6.74487,-23.5557,66.2429,2.09588,-4.47774,-26.0208
-1.74062,14.1835,34.4987,12.9703,-2.25583,4.8634,-10.7565,-3.11776,-1.90507,-7.30177,-3.9913,1.00841,-1.39355,-1.92716,1.73447,-12.6546,-1.20253,-7.22126,18.8548,-0.529179,1.86889,7.95282,-0.592457,1.76061,4.3832e-14,7.95139e-15,-45.2496,17.4512,-94.5667,47.8279,7.61644,-9.39316,109.418,7.12502,16.5679,138.73,4.3832e-14,7.95139e-15,-10.4574,-46.7212,95.782,87.1538,29.2048,-32.486,-38.525,7.12502,-5.718,-8.62217,-73.6183,0.270015,26.7231,58.128,5.90953,-8.95035,5.38086,4.12935,7.19358,-24.5673,70.8214,0.683936,-3.38069,-26.723
-1.76839,14.133,34.9328,12.3056,-2.72122,5.59858,-8.21276,-2.97474,-2.48399,-8.52171,-3.84506,0.863252,-4.05467,-1.78802,2.10405,-13.7366,-1.76797,-6.43321,21.2502,-1.02964,0.221106,8.98012,-0.991253,1.02551,6.06293e-15,-1.66979e-14,-45.9082,19.5102,-95.6654,48.0333,7.06715,-9.47441,109.432,7.12502,16.4897,138.752,6.06293e-15,-1.66979e-14,-12.7019,-46.1395,97.9437,88.7505,28.1188,-31.7839,-39.7369,7.12502,-5.04011,-9.81688,-73.4443,0.0162031,26.8738,61.7237,3.75235,-10.0901,1.03433,2.15226,8.40307,-24.7455,75.8513,-0.209896,-2.56248,-26.5116
-1.82129,14.0984,35.3624,11.8277,-3.73789,5.69502,-9.18428,-2.26711,-2.36733,-7.19403,-2.87056,0.409251,-2.19506,-1.35196,1.54345,-13.6602,-2.21112,-7.4313,19.3309,-1.75237,1.68437,8.35759,-1.21223,1.59839,-3.75703e-14,6.36111e-15,-42.0115,20.7125,-95.3483,47.5119,7.5574,-9.3415,109.347,7.12502,16.6177,138.655,-3.75703e-14,6.36111e-15,-9.47492,-47.2453,95.892,90.1653,27.34,-32.2783,-39.5214,7.12502,-5.51746,-9.61325,-73.9238,2.02317,25.8177,65.901,0.544985,-12.2787,8.03941,-0.263946,10.2541,-24.0403,80.8209,-1.25765,-2.00258,-25.6925
-1.85323,13.9385,35.7432,11.0343,-4.28011,4.87565,-7.48873,-1.83058,-1.54544,-7.22329,-2.37254,0.592006,-3.20066,-1.11817,1.3679,-11.9597,-2.04894,-8.78163,17.6211,-1.72654,3.34367,7.5061,-1.10909,2.37556,-1.40143e-14,-1.59028e-14,-40.2856,23.0255,-95.6455,46.9415,7.60458,-9.52412,108.824,7.12502,16.4419,138.147,-1.40143e-14,-1.59028e-14,-10.1083,-47.0001,96.666,91.7759,26.0912,-33.0374,-39.3954,7.12502,-6.25028,-9.50763,-74.0518,4.13119,25.7748,69.5801,-1.98441,-14.2639,10.2024,-2.3581,11.6838,-22.0999,86.5269,-3.21395,-1.49478,-24.2646
-1.89272,13.761,36.1021,9.7799,-5.42438,3.84786,-5.86609,-1.41231,-0.51602,-6.62638,-1.86779,0.657391,-3.51879,-0.9056,0.917028,-13.7035,-2.36743,-7.91882,18.4783,-2.01423,2.45981,8.10326,-1.27595,1.90555,2.5345e-14,2.06736e-14,-37.4791,25.8271,-96.0508,46.098,7.52863,-9.24824,108.234,7.12502,16.7075,137.535,2.5345e-14,2.06736e-14,-10.3066,-46.2886,96.1993,93.4686,24.6406,-33.5104,-39.6202,7.12502,-6.70697,-9.74641,-73.1488,6.5681,26.4266,72.5626,-3.96065,-15.9693,9.44237,-3.89594,13.522,-19.6985,92.1918,-5.69535,-1.6271,-22.6478
-1.93843,13.7034,36.4443,10.6008,-6.54154,-2.06144,-4.97681,-0.697135,4.8376,-6.6332,-0.975017,2.44877,-4.12589,-0.648811,-0.18133,-14.0589,-2.28252,-7.82885,18.2117,-1.83801,2.23796,8.06564,-1.20062,1.83273,2.6339e-14,-2.14687e-14,-34.9295,29.1984,-95.9228,45.3602,7.4671,-8.67232,107.665,7.12502,17.2618,136.919,2.6339e-14,-2.14687e-14,-11.3873,-45.0031,96.4998,95.2178,23.1937,-34.0236,-40.0373,7.12502,-7.20231,-10.1798,-71.4807,10.0576,32.6432,73.5122,-5.4735,-18.1594,7.90312,-7.58062,16.7814,-10.4946,98.3287,-7.61427,-4.54569,-17.1548
-1.96427,13.6597,36.7962,11.9909,-6.9321,-6.70477,-2.44084,-0.490564,8.88657,-8.55295,-0.26011,4.13988,-7.71414,-0.586693,-0.562623,-13.0798,-1.91027,-7.72582,19.157,-1.30971,1.61372,8.17605,-1.03093,1.67474,-2.21645e-14,5.24792e-14,-35.9381,32.7745,-97.1712,45.0248,7.36653,-8.29727,107.393,7.12502,17.6228,136.614,-2.21645e-14,5.24792e-14,-16.8848,-42.8822,99.8968,97.235,22.0611,-34.6335,-40.1421,7.12502,-7.791,-10.3057,-70.407,11.7809,37.8592,74.3271,-7.22614,-19.5108,8.10478,-12.233,19.2144,-3.20325,103.911,-9.51018,-6.4344,-15.1015
-1.99244,13.6427,37.2158,11.9791,-7.07486,-6.71623,-3.02747,-0.385518,9.08035,-8.18733,-0.22178,4.15242,-6.97265,-0.548811,-0.678731,-12.3214,-1.7377,-8.08856,18.0568,-1.14741,2.01287,7.6694,-0.91804,1.88148,-1.94809e-14,1.03368e-14,-33.091,35.4374,-96.4128,44.4842,7.53307,-8.21782,107.418,7.12502,17.6992,136.632,-1.94809e-14,1.03368e-14,-18.3372,-42.0025,100.15,98.8021,21.8326,-35.1967,-39.7953,7.12502,-8.33459,-9.97969,-69.2364,10.6209,38.7632,75.7385,-9.87039,-19.3907,8.74385,-15.7444,19.1048,-3.26492,107.629,-10.3976,-6.23565,-12.3966
-2.02259,13.6546,37.543,11.5343,-6.39234,-4.34476,-2.67024,-0.748534,6.8863,-7.87367,-0.744638,3.54665,-6.80451,-0.680398,-0.0978275,-14.7792,-2.31683,-6.55527,19.2906,-1.65594,0.0386704,8.52414,-1.26903,0.902102,-3.53837e-14,3.97569e-14,-29.6388,37.4909,-95.0002,44.0053,8.44072,-8.19277,107.465,7.12502,17.7233,136.677,-3.53837e-14,3.97569e-14,-19.2114,-41.3999,99.9435,100.109,22.1985,-35.6135,-39.4188,7.12502,-8.73688,-9.61964,-68.9451,7.6641,36.9811,77.3984,-12.3478,-18.4404,7.51677,-20.8011,16.8617,-7.84661,110.931,-10.3265,-2.90369,-13.0943
-2.1003,13.6584,37.8729,11.6389,-5.9364,-4.77744,-3.36061,-0.737887,6.5945,-6.94827,-0.850861,3.74038,-5.40331,-0.663583,0.226169,-13.1452,-2.19482,-7.86333,16.0858,-1.83314,2.49844,7.20341,-1.13977,1.92004,4.48756e-14,-2.22639e-14,-24.9707,38.9884,-92.6597,43.725,9.67178,-8.12385,107.408,7.12502,17.7897,136.614,4.48756e-14,-2.22639e-14,-18.909,-41.2328,98.8836,101.101,23.052,-35.776,-39.1541,7.12502,-8.89361,-9.36155,-67.8959,7.29498,37.9042,78.1611,-14.1353,-18.876,6.3208,-26.0271,17.5808,-6.07896,114.452,-11.2566,-3.03493,-15.2595
-2.23298,13.6214,38.1989,12.2124,-5.54794,-5.88012,-3.97073,-0.699613,5.69389,-6.5945,-0.851611,4.46154,-4.64588,-0.580552,1.45351,-12.959,-2.4001,-7.88732,15.021,-2.18876,2.89889,6.84791,-1.25844,2.0155,2.94201e-14,-2.46493e-14,-21.3265,40.201,-90.5622,43.6808,10.9217,-7.97422,107.254,7.12502,17.9336,136.447,2.94201e-14,-2.46493e-14,-19.7911,-40.9646,98.8432,101.944,23.9661,-35.7227,-38.6282,7.12502,-8.84219,-8.83347,-67.3059,8.03513,39.5044,78.6809,-15.6782,-19.7721,6.52562,-32.0774,19.6126,-2.74929,118.046,-12.3772,-3.96206,-15.5719
-2.30501,13.6159,38.5134,12.1279,-4.16682,-8.44076,-2.5649,-0.892066,7.67479,-6.86106,-0.90753,5.26336,-5.78548,-0.706848,1.24338,-15.5468,-3.15284,-5.9259,17.6526,-2.96133,0.272879,8.14263,-1.78312,0.720576,2.13694e-15,-2.06736e-14,-19.1969,41.3874,-89.4172,43.9274,11.7507,-7.7742,107.116,7.12502,18.1261,136.292,2.13694e-15,-2.06736e-14,-22.1991,-40.472,99.6376,102.654,24.7642,-35.5091,-38.0672,7.12502,-8.63605,-8.26381,-65.5169,7.08754,42.841,78.6577,-17.7333,-19.8821,7.35485,-37.1461,20.3745,1.85645,120.867,-14.1043,-5.14548,-13.9664
-2.36193,13.6871,38.8867,11.9233,-2.33399,-8.10736,-1.6937,-1.50064,7.37834,-7.50252,-1.56396,5.33618,-6.99281,-1.04475,1.56512,-13.774,-3.04242,-6.81832,16.7525,-3.02608,1.7285,7.56808,-1.72377,1.36595,-2.92213e-14,-1.43125e-14,-18.122,42.611,-88.6453,44.6245,12.1526,-7.64714,106.96,7.12502,18.2483,136.124,-2.92213e-14,-1.43125e-14,-25.3529,-39.5642,100.989,103.126,25.2021,-35.188,-37.4117,7.12502,-8.32624,-7.59582,-64.1399,4.30696,43.1245,78.9182,-20.1957,-19.3901,7.54554,-42.2248,17.0424,0.277386,121.706,-13.7605,-4.5145,-8.39091
-2.4491,13.7626,39.2342,11.9506,-1.08215,-8.2932,-1.18583,-1.70795,7.20176,-7.8296,-1.75287,5.43865,-7.64145,-1.13661,1.81936,-13.5962,-3.35674,-6.84632,16.884,-3.50984,1.95126,7.6059,-1.93847,1.39306,7.50412e-15,-3.97569e-15,-16.4027,42.7929,-87.3558,45.4266,12.7332,-7.28327,106.651,7.12502,18.5984,135.782,7.50412e-15,-3.97569e-15,-27.7166,-39.3823,101.75,103.358,25.0223,-34.9654,-35.4236,7.12502,-8.1114,-5.59928,-62.6365,2.73042,43.8572,78.7762,-21.9277,-19.4369,6.64326,-47.3696,15.364,0.0307595,122.141,-13.648,-4.77053,-5.5053
-2.53095,13.8011,39.5551,12.1932,-0.153641,-9.09258,-2.25306,-1.51619,8.20106,-7.12896,-1.67008,5.13038,-6.31176,-1.12987,0.862589,-13.8838,-3.88896,-6.81573,16.1082,-4.40366,2.95747,7.46207,-2.25729,1.61846,-4.24405e-14,8.82604e-14,-12.619,41.7932,-85.2667,46.2188,12.9806,-6.68328,106.592,7.12502,19.1754,135.666,-4.24405e-14,8.82604e-14,-27.9922,-40.3852,100.451,103.439,24.2666,-34.2019,-36.1418,7.12502,-7.37444,-6.29034,-61.2746,1.94561,45.1638,78.2929,-22.9278,-19.6453,6.00423,-52.5489,14.5679,0.66861,122.459,-14.2737,-4.84033,-7.5249
